,Daily Produce Testing 100%,End of season produce testing 100%,Daily Produce Testing 10%,End of season produce testing 10%,Daily Produce Testing 1%,End of season produce testing 1%,Daily Produce Testing 0.1%,End of season produce testing 0.1%
0,0.14796431032246882,0.0,0.9082245144527608,0.0,0.0,0.0,0.0,0.0
1,0.5759445954783302,0.0,0.7848012012766823,0.042886039993961345,0.0,0.0,0.0,0.0
2,0.5787390687037413,0.042886039993961345,0.8322456604185515,0.0,0.0,0.0,0.0,0.0
3,0.1479643103224687,0.0,0.6067541930597249,0.0,0.0,0.0,0.0,0.0
4,0.6240808692188691,0.042886039993961345,0.11193444074240344,0.0,0.9999999970691966,0.0,0.0,0.0
5,0.2529516020545439,0.042886039993961345,0.9096641921185216,0.0,0.0,0.0,0.0,0.0
6,0.24333644873909122,0.042886039993961345,0.4823395124985971,0.0,0.0,0.0,0.0,0.0
7,0.18450474698626174,0.042886039993961345,0.06989819904406691,0.0,0.0,0.0,0.0,0.0
8,0.3719755614224063,0.042886039993961345,0.11193444074240344,0.0,0.0,0.0,0.0,0.0
9,0.33496749231205925,0.06989819904406691,0.9711964626834185,0.0,0.0,0.0,0.0,0.0
10,0.5322501810159946,0.0,0.0,0.0,0.9999999999900786,0.0,0.0,0.0
11,0.64414161344859,0.0,0.9548027492927413,0.0,0.0,0.0,1.0,0.0
12,0.5958301226868159,0.11193444074240344,0.7086289068115657,0.4993388861968804,0.9999999999987461,0.0,0.0,0.0
13,0.3650238444250099,0.0,0.0,0.0,0.0,0.0,0.0,0.0
14,0.5379147575290609,0.042886039993961345,0.8679395275214276,0.0,0.0,0.0,0.0,0.0
15,0.7198477864690916,0.0,0.3443863444634091,0.0,0.9999999999999665,0.0,0.0,0.0
16,0.6708097772704247,0.0,0.6582268222559439,0.0,0.0,0.0,0.0,0.0
17,0.2529516020545439,0.042886039993961345,0.0,0.0,0.0,0.0,0.0,0.0
18,0.4246874534509619,0.042886039993961345,0.0,0.0,0.9999999998683298,0.0,0.0,0.0
19,0.5172097976002527,0.0,0.8023131516129219,0.0,0.0,0.0,0.0,0.0
20,0.06989819904406691,0.26175083730905,0.06989819904406691,0.0,0.0,0.0,0.0,0.0
21,0.4333685686541273,0.06989819904406691,0.8031171162988753,0.8247289804649908,0.0,0.0,0.0,0.0
22,0.46585258845933186,0.042886039993961345,0.4993388861968804,0.0,0.9999999999999665,0.0,0.0,0.0
23,0.6393323527535063,0.0,0.6176064780801284,0.17450781388353653,0.0,0.0,0.0,0.0
24,0.18450474698626174,0.0,0.4823395124985971,0.0,0.0,0.0,0.0,0.0
25,0.6190004968895393,0.0,0.0,0.0,0.0,0.0,0.0,0.0
26,0.10978658207831848,0.11193444074240344,0.0,0.0,0.0,0.0,0.0,0.0
27,0.5659947279568992,0.0,0.0,0.0,0.0,0.0,0.0,0.0
28,0.41691237178344853,0.0,0.0,0.0,0.0,0.0,0.0,0.0
29,0.5509559632641156,0.0,0.7372258600749859,0.0,0.0,0.0,0.0,0.0
30,0.4742466623640824,0.06989819904406691,0.17450781388353653,0.0,0.0,0.0,0.0,0.0
31,0.5766988969875251,0.0,0.6303873519429285,0.0,1.0,0.0,0.0,0.0
32,0.26422410644160377,0.0,0.8369801090751054,0.0,0.0,0.0,0.0,0.0
33,0.3730926790838702,0.0,0.9765674584529602,0.0,0.0,0.0,0.0,0.0
34,0.5879969410111325,0.042886039993961345,0.7372258600749859,0.6258555132117786,0.0,0.0,0.0,0.0
35,0.38145206690520583,0.06989819904406691,0.6303873519429285,0.0,0.0,0.0,0.0,0.0
36,0.0,0.042886039993961345,0.4549881737861112,0.0,0.0,0.0,0.0,0.0
37,0.24333644873909122,0.0,0.8570160369545636,0.0,0.0,0.0,0.0,0.0
38,0.3173046703894358,0.0,0.17450781388353653,0.0,0.0,0.0,0.0,0.0
39,0.4169123717834484,0.0,0.9953937081903482,0.0,0.9999999999900786,0.0,0.0,0.0
40,0.6704013836399535,0.042886039993961345,0.7602036454085931,0.0,0.0,0.0,0.0,0.0
41,0.38145206690520583,0.11193444074240344,0.17450781388353653,0.0,0.0,0.0,0.0,0.0
42,0.6452983615896613,0.0,0.7860551460038605,0.0,0.0,0.0,0.0,0.0
43,0.5601293484262291,0.0,0.5402835496615066,0.11193444074240344,0.9999999999720914,0.0,0.0,0.0
44,0.4333685686541273,0.042886039993961345,0.0,0.0,0.0,0.0,0.0,0.0
45,0.6185522430205084,0.0,0.4993388861968804,0.6258555132117786,0.0,0.0,0.0,0.0
46,0.0,0.0,0.0,0.0,0.0,0.0,0.0,0.0
47,0.41691237178344853,0.0,0.8506628359900044,0.0,0.0,0.0,0.0,0.0
48,0.44092421799549497,0.0,0.17450781388353653,0.0,0.0,0.0,0.0,0.0
49,0.5520393923671171,0.0,0.0,0.0,0.0,0.0,0.0,0.0
50,0.6514113370746591,0.042886039993961345,0.7668592401011456,0.0,0.0,0.0,0.0,0.0
51,0.042886039993961345,0.042886039993961345,0.8060072112235238,0.0,0.0,0.0,0.0,0.0
52,0.47518186217951774,0.042886039993961345,0.11193444074240344,0.0,0.0,0.0,1.0,0.0
53,0.3907855777039625,0.06989819904406691,0.7372258600749859,0.37290685943771074,0.0,0.0,0.0,0.0
54,0.042886039993961345,0.0,0.9023916006680706,0.0,0.0,0.0,0.0,0.0
55,0.0,0.042886039993961345,0.0,0.0,0.0,0.0,0.0,0.0
56,0.5886455169287763,0.0,0.042886039993961345,0.0,0.0,0.0,0.0,0.0
57,0.6458567335133705,0.042886039993961345,0.4823395124985971,0.0,0.0,0.0,0.0,0.0
58,0.679703484141921,0.042886039993961345,0.6067541930597249,0.0,0.0,0.0,0.0,0.0
59,0.5903679546487492,0.042886039993961345,0.4993388861968804,0.0,0.0,0.0,0.0,0.0
60,0.5528362159868478,0.042886039993961345,0.5159937677513589,0.0,0.0,0.0,0.0,0.0
61,0.39890904261243,0.042886039993961345,0.9521744580308612,0.0,0.0,0.0,0.0,0.0
62,0.06989819904406691,0.042886039993961345,0.6258555132117786,0.0,0.0,0.0,0.0,0.0
63,0.4183192139956333,0.042886039993961345,0.37290685943771074,0.0,0.0,0.0,0.0,0.0
64,0.5172097976002527,0.0,0.11193444074240344,0.0,0.0,0.0,0.0,0.0
65,0.4333685686541273,0.0,0.44310017941994795,0.0,0.0,0.0,0.0,0.0
66,0.27403518351573364,0.0,0.9945638299563083,0.0,0.0,0.0,0.0,0.0
67,0.4661918227629236,0.06989819904406691,0.06989819904406691,0.26175083730905,0.0,0.0,0.0,0.0
68,0.4079791383020912,0.042886039993961345,0.37290685943771074,0.0,0.0,0.0,0.0,0.0
69,0.08393286756155904,0.042886039993961345,0.06989819904406691,0.17450781388353653,0.0,0.0,0.0,0.0
70,0.48876005571333603,0.0,0.699503400232339,0.0,0.0,0.0,0.0,0.0
71,0.5195366871566287,0.0,0.8825331665824122,0.0,0.9999999999987461,0.0,0.0,0.0
72,0.44191869112712756,0.0,0.042886039993961345,0.0,0.0,0.0,0.0,0.0
73,0.44936033033129175,0.0,0.0,0.0,0.0,0.0,0.0,0.0
74,0.47297508522696563,0.042886039993961345,0.7178689123480886,0.0,0.0,0.0,0.0,0.0
75,0.29452373337193893,0.0,0.8570160369545636,0.0,0.0,0.0,1.0,0.0
76,0.042886039993961345,0.042886039993961345,0.0,0.0,1.0,0.0,0.0,0.0
77,0.31565351630137484,0.0,0.4549881737861112,0.37290685943771074,0.0,0.0,0.0,0.0
78,0.5379147575290609,0.06989819904406691,0.41777209233898016,0.0,0.0,0.0,0.0,0.0
79,0.27403518351573364,0.06989819904406691,0.8126804045213125,0.11193444074240344,0.0,0.0,0.0,0.0
80,0.3650238444250099,0.0,0.4993388861968804,0.0,0.9999999999531919,0.0,0.0,0.0
81,0.10978658207831848,0.0,0.9568164505162194,0.0,0.0,0.0,0.0,0.0
82,0.501518526839914,0.042886039993961345,0.0,0.0,0.0,0.0,0.0,0.0
83,0.49557709679973594,0.0,0.0,0.0,0.0,0.0,0.0,0.0
84,0.44936033033129164,0.0,0.26175083730905,0.0,0.0,0.0,0.0,0.0
85,0.5451763815523016,0.0,0.9507772544069863,0.0,0.0,0.0,0.0,0.0
86,0.4343764816279132,0.11193444074240344,0.8453691376258466,0.0,0.0,0.0,0.0,0.0
87,0.4432651994479354,0.0,0.0,0.0,0.0,0.0,0.0,0.0
88,0.06989819904406691,0.0,0.0,0.0,0.0,0.0,0.0,0.0
89,0.5244948070983628,0.0,0.7408275237556817,0.0,0.9999999999531919,0.0,0.0,0.0
90,0.042886039993961345,0.0,0.9970720142740012,0.0,0.0,0.0,0.0,0.0
91,0.3907855777039625,0.0,0.7372258600749859,0.0,0.0,0.0,0.0,0.0
92,0.6701919242089189,0.11193444074240344,0.0,0.0,0.0,0.0,0.0,0.0
93,0.29452373337193893,0.0,0.21133956246049224,0.0,0.0,0.0,0.0,0.0
94,0.2312557079893035,0.042886039993961345,0.9951513583830954,0.0,0.0,0.0,0.0,0.0
95,0.41831921399563343,0.0,0.6258555132117786,0.0,0.0,0.0,0.0,0.0
96,0.35373637942665515,0.0,0.8539518836268105,0.0,0.0,0.0,0.0,0.0
97,0.45766914688066207,0.0,0.31335312422693773,0.0,0.0,0.0,0.0,0.0
98,0.27622443211481984,0.0,0.0,0.0,0.0,0.0,0.0,0.0
99,0.1608210088660118,0.0,0.0,0.17450781388353653,0.0,0.0,0.0,0.0
100,0.28671468797063937,0.0,0.4993388861968804,0.0,0.0,0.0,0.0,0.0
101,0.2312557079893035,0.042886039993961345,0.0,0.0,0.0,0.0,0.0,0.0
102,0.18450474698626174,0.0,0.37290685943771074,0.37290685943771074,0.0,0.0,0.0,0.0
103,0.17450781388353653,0.0,0.37290685943771074,0.0,0.0,0.0,0.0,0.0
104,0.3999782515211865,0.042886039993961345,0.7576769006747439,0.0,0.0,0.0,0.0,0.0
105,0.45897765335587604,0.06989819904406691,0.9693598847648929,0.0,0.0,0.0,0.0,0.0
106,0.5327998517435364,0.0,0.6911466496777687,0.0,0.0,0.0,0.0,0.0
107,0.49557709679973605,0.06989819904406691,0.8663117411961772,0.0,0.0,0.0,0.0,0.0
108,0.4169123717834483,0.0,0.39058108479159903,0.0,0.0,0.0,0.0,0.0
109,0.6495112993144657,0.0,0.8839559878830203,0.06989819904406691,0.0,0.0,0.0,0.0
110,0.18450474698626174,0.0,0.9799030507119338,0.0,0.0,0.0,0.0,0.0
111,0.12321935924046745,0.0,0.0,0.0,0.0,0.0,0.0,0.0
112,0.46585258845933186,0.06989819904406691,0.7320276196798099,0.0,0.0,0.0,0.0,0.0
113,0.33496749231205913,0.0,0.7493384491254197,0.0,0.9999999998683298,0.0,0.0,0.0
114,0.18450474698626174,0.042886039993961345,0.7462066299654035,0.17450781388353653,0.0,0.0,0.0,0.0
115,0.46585258845933186,0.0,0.042886039993961345,0.0,0.0,0.0,0.0,0.0
116,0.3051689396696867,0.0,0.4993388861968804,0.06989819904406691,0.0,0.0,0.0,0.0
117,0.5109958738062403,0.0,0.0,0.0,0.0,0.0,0.0,0.0
118,0.6364509234533537,0.0,0.9654921362447112,0.0,0.0,0.0,0.0,0.0
119,0.4964743544530976,0.0,0.8373764359744754,0.0,0.0,0.0,0.0,0.0
120,0.28498954952625755,0.042886039993961345,0.8233901947663592,0.0,0.0,0.0,0.0,0.0
121,0.042886039993961345,0.0,0.5867081626631593,0.0,0.0,0.0,0.0,0.0
122,0.5256420802441389,0.17450781388353653,0.26175083730905,0.0,0.0,0.0,0.0,0.0
123,0.4347357062468188,0.042886039993961345,0.0,0.0,0.0,0.0,0.0,0.0
124,0.1608210088660118,0.042886039993961345,0.26175083730905,0.0,0.0,0.0,0.0,0.0
125,0.6150277932001527,0.042886039993961345,0.9678456604895276,0.26175083730905,0.9999999999900786,0.0,0.0,0.0
126,0.5587988445373637,0.0,0.4823395124985971,0.0,0.0,0.0,0.0,0.0
127,0.042886039993961345,0.0,0.26175083730905,0.37290685943771074,0.999999999997897,0.0,0.0,0.0
128,0.5244948070983629,0.042886039993961345,0.8428118608438454,0.0,0.0,0.0,0.0,0.0
129,0.5509559632641156,0.0,0.9071641037711623,0.0,0.0,0.0,0.0,0.0
130,0.1479643103224687,0.042886039993961345,0.0,0.0,0.9999999989581139,0.0,0.0,0.0
131,0.042886039993961345,0.0,0.4993388861968804,0.0,0.0,0.0,0.0,0.0
132,0.21947810902189457,0.042886039993961345,0.6606147154623515,0.0,0.0,0.0,0.0,0.0
133,0.4333685686541272,0.042886039993961345,0.6860388497877881,0.0,0.0,0.0,0.0,0.0
134,0.47297508522696563,0.0,0.0,0.26175083730905,0.0,0.0,0.0,0.0
135,0.5782434464239652,0.042886039993961345,0.5744480944435293,0.0,0.0,0.0,0.0,0.0
136,0.31565351630137484,0.06989819904406691,0.0,0.0,0.9999999982525551,0.0,0.0,0.0
137,0.5109958738062403,0.0,0.7237881459031603,0.7372258600749859,0.0,0.0,0.0,0.0
138,0.1864723297135532,0.0,0.0,0.0,0.0,0.0,0.0,0.0
139,0.44460845898647994,0.0,0.6258555132117786,0.0,0.0,0.0,0.0,0.0
140,0.5401418560068608,0.0,0.0,0.0,0.0,0.0,0.0,0.0
141,0.572013299911887,0.042886039993961345,0.9383470270208367,0.37290685943771074,0.0,0.0,0.0,0.0
142,0.4079791383020912,0.0,0.26690882007370687,0.0,0.0,0.0,0.0,0.0
143,0.042886039993961345,0.0,0.39058108479159903,0.4993388861968804,0.9999999999992524,0.0,0.0,0.0
144,0.5833510320833415,0.06989819904406691,0.9654796769768761,0.0,0.0,0.0,0.0,0.0
145,0.6616474631933422,0.0,0.5370490140506518,0.0,0.0,0.0,0.0,0.0
146,0.29452373337193893,0.042886039993961345,0.9524798855617129,0.0,0.0,0.0,0.0,0.0
147,0.2957786208393418,0.0,0.37290685943771074,0.0,0.0,0.0,0.0,0.0
148,0.26422410644160377,0.0,0.042886039993961345,0.0,0.9999999999900786,0.0,0.0,0.0
149,0.27403518351573375,0.0,0.7237881459031603,0.0,0.0,0.0,0.0,0.0
150,0.27403518351573364,0.0,0.6843371356335914,0.4993388861968804,0.0,0.0,0.0,0.0
151,0.33496749231205925,0.0,0.8277216855432779,0.0,0.0,0.0,0.0,0.0
152,0.3730926790838702,0.0,0.7719892727303181,0.0,0.0,0.0,0.0,0.0
153,0.0,0.06989819904406691,0.0,0.0,0.0,0.0,0.0,0.0
154,0.08393286756155904,0.0,0.9035539426071528,0.0,1.0,0.0,0.0,0.0
155,0.1720108967559073,0.042886039993961345,0.6677351670972718,0.0,0.0,0.0,0.0,0.0
156,0.4593046215393135,0.042886039993961345,0.26175083730905,0.0,0.0,0.0,0.0,0.0
157,0.5106851124105243,0.0,0.44310017941994795,0.0,0.9999999999987461,0.0,0.0,0.0
158,0.042886039993961345,0.042886039993961345,0.5726753125063526,0.0,0.0,0.0,0.0,0.0
159,0.46585258845933175,0.0,0.7589432130869508,0.37290685943771074,0.0,0.0,0.0,0.0
160,0.623171678277247,0.042886039993961345,0.9122486161421939,0.0,0.0,0.0,0.0,0.0
161,0.4094075341356269,0.0,0.7850255333331588,0.0,0.0,0.0,0.0,0.0
162,0.4270964220455211,0.0,0.9951525079749082,0.0,0.9999999997791635,0.0,0.0,0.0
163,0.042886039993961345,0.042886039993961345,0.6258555132117786,0.0,0.0,0.0,0.0,0.0
164,0.31565351630137484,0.06989819904406691,0.9661045812890079,0.0,0.0,0.0,0.0,0.0
165,0.7020916337604901,0.0,0.44310017941994795,0.0,0.0,0.0,0.0,0.0
166,0.650356939446681,0.06989819904406691,0.6258555132117786,0.0,0.0,0.0,0.0,0.0
167,0.0,0.042886039993961345,0.99429918530838,0.0,0.0,0.0,0.0,0.0
168,0.20752007055219768,0.06989819904406691,0.9284134898056877,0.0,0.0,0.0,0.0,0.0
169,0.4755151715088324,0.0,0.39058108479159903,0.0,0.0,0.0,0.0,0.0
170,0.6183215747271507,0.0,0.7448897961751146,0.887538734114995,0.0,0.0,0.0,0.0
171,0.44936033033129175,0.042886039993961345,0.5370490140506518,0.0,0.0,0.0,0.0,0.0
172,0.6290934981973704,0.042886039993961345,0.9681787600333931,0.0,0.99999999998336,0.0,0.0,0.0
173,0.3450024269710008,0.0,0.0,0.0,0.9999999999214937,0.0,0.0,0.0
174,0.45766914688066196,0.0,0.9517679820425227,0.0,0.9999999999995544,0.0,0.0,0.0
175,0.5777202149359163,0.0,0.45846877451768075,0.0,0.0,0.0,0.0,0.0
176,0.4079791383020912,0.042886039993961345,0.652007539020542,0.0,0.0,0.0,0.0,0.0
177,0.48092756953749694,0.0,0.0,0.0,0.0,0.0,0.0,0.0
178,0.21947810902189457,0.042886039993961345,0.9092691185826391,0.0,0.0,0.0,0.0,0.0
179,0.48000260828676344,0.0,0.4930835188961801,0.0,0.9999999999992524,0.0,0.0,0.0
180,0.3259798870706284,0.0,0.6303873519429285,0.26175083730905,0.9999999999992524,0.0,1.0,0.0
181,0.4079791383020913,0.0,0.9704480875821895,0.0,0.0,0.0,0.0,0.0
182,0.5590654855388437,0.042886039993961345,0.0,0.0,0.0,0.0,0.0,0.0
183,0.12321935924046745,0.0,0.042886039993961345,0.0,0.0,0.0,0.0,0.0
184,0.2957786208393418,0.0,0.6677351670972718,0.0,0.0,0.0,0.0,0.0
185,0.4426101893328719,0.0,0.9127618141275011,0.0,0.0,0.0,0.0,0.0
186,0.5390296517461175,0.042886039993961345,0.8168788752921865,0.0,0.0,0.0,0.0,0.0
187,0.6183215747271507,0.0,0.0,0.0,0.0,0.0,0.0,0.0
188,0.1968100726418761,0.042886039993961345,0.6860388497877881,0.0,0.0,0.0,0.0,0.0
189,0.28498954952625755,0.0,0.5867081626631593,0.0,0.0,0.0,0.0,0.0
190,0.6288577876665054,0.0,0.11193444074240344,0.0,1.0,0.0,0.0,0.0
191,0.5582797621675903,0.0,0.6845279072606429,0.0,0.0,0.0,0.0,0.0
192,0.3730926790838701,0.042886039993961345,0.4993388861968804,0.0,0.0,0.0,0.0,0.0
193,0.042886039993961345,0.0,0.9297571726323297,0.0,0.0,0.0,0.0,0.0
194,0.08393286756155904,0.042886039993961345,0.6258555132117786,0.0,0.9999999999940845,0.0,0.0,0.0
195,0.4347357062468188,0.0,0.9757532763020992,0.4993388861968804,0.0,0.0,0.0,0.0
196,0.5247967980272394,0.0,0.7555932992110981,0.0,0.0,0.0,0.0,0.0
197,0.10978658207831848,0.042886039993961345,0.21133956246049224,0.0,0.0,0.0,0.0,0.0
198,0.4090322135009731,0.0,0.0,0.0,0.99999999998336,0.0,0.0,0.0
199,0.7736821398172499,0.042886039993961345,0.7211819155516337,0.0,0.0,0.0,0.0,0.0
200,0.49557709679973594,0.06989819904406691,0.5867081626631593,0.0,0.0,0.0,0.0,0.0
201,0.611536781584811,0.042886039993961345,0.872276241210492,0.0,0.0,0.0,0.0,0.0
202,0.3051689396696867,0.0,0.6911466496777687,0.0,0.0,0.0,0.0,0.0
203,0.3264079538152689,0.0,0.39058108479159903,0.0,0.0,0.0,0.0,0.0
204,0.1608210088660118,0.042886039993961345,0.9829768643264292,0.0,0.0,0.0,0.0,0.0
205,0.25295160205454403,0.06989819904406691,0.0,0.0,0.0,0.0,0.0,0.0
206,0.042886039993961345,0.042886039993961345,0.3443863444634091,0.0,0.0,0.0,0.0,0.0
207,0.5896380107203634,0.0,0.8858438953261017,0.0,0.0,0.0,0.0,0.0
208,0.0,0.0,0.9704480875821895,0.4993388861968804,0.0,0.0,0.0,0.0
209,0.35373637942665515,0.0,0.8847667615955963,0.0,0.0,0.0,0.0,0.0
210,0.14796431032246882,0.042886039993961345,0.7682184437383469,0.042886039993961345,0.0,0.0,0.0,0.0
211,0.12321935924046745,0.0,0.0,0.0,0.0,0.0,0.0,0.0
212,0.6932449147369045,0.042886039993961345,0.4993388861968804,0.0,0.0,0.0,0.0,0.0
213,0.0,0.06989819904406691,0.586458237683833,0.0,0.0,0.0,0.0,0.0
214,0.6393323527535062,0.0,0.8379518110053832,0.0,0.0,0.0,0.0,0.0
215,0.4079791383020912,0.0,0.0,0.0,0.9999999999997342,0.0,0.0,0.0
216,0.20752007055219757,0.0,0.9899826438390489,0.26175083730905,0.0,0.0,0.0,0.0
217,0.525642080244139,0.042886039993961345,0.7096866122946149,0.0,0.0,0.0,0.0,0.0
218,0.6696042226235853,0.0,0.6176064780801284,0.0,0.0,0.0,0.0,0.0
219,0.3907855777039626,0.0,0.4823395124985971,0.0,0.0,0.0,0.0,0.0
220,0.4094075341356269,0.042886039993961345,0.37290685943771074,0.0,0.0,0.0,0.0,0.0
221,0.6062868817414642,0.0,0.8073625957082546,0.0,0.0,0.0,0.0,0.0
222,0.08393286756155904,0.042886039993961345,0.805257902636773,0.0,0.9999999347642174,0.0,0.0,0.0
223,0.5327998517435364,0.042886039993961345,0.4549881737861112,0.11193444074240344,0.0,0.0,0.0,0.0
224,0.5958301226868161,0.0,0.9653188952118273,0.0,0.9999999999940845,0.0,0.0,0.0
225,0.49557709679973605,0.0,0.9497224085592597,0.0,0.0,0.0,0.0,0.0
226,0.32477881675734055,0.0,0.4820061444774495,0.0,0.0,0.0,0.0,0.0
227,0.75091375702907,0.0,0.8926965000037934,0.4993388861968804,0.0,0.0,0.0,0.0
228,0.042886039993961345,0.0,0.3443863444634091,0.0,1.0,0.0,0.0,0.0
229,0.4333685686541273,0.042886039993961345,0.7975115259705187,0.0,0.0,0.0,0.0,0.0
230,0.31565351630137484,0.06989819904406691,0.9865064302215686,0.0,0.0,0.0,0.0,0.0
231,0.5023032372245329,0.0,0.5320931730410668,0.0,0.999999999378792,0.0,0.0,0.0
232,0.5333787424161076,0.0,0.5521774200968899,0.0,0.0,0.0,0.0,0.0
233,0.37349082473398953,0.0,0.4820264739264576,0.37290685943771074,0.0,0.0,0.0,0.0
234,0.1479643103224687,0.0,0.9696349297572182,0.0,0.0,0.0,0.0,0.0
235,0.5898986295320361,0.06989819904406691,0.8247289804649908,0.0,0.0,0.0,0.0,0.0
236,0.7110143139543831,0.0,0.4993388861968804,0.0,0.0,0.0,0.0,0.0
237,0.4589776533558758,0.0,0.9016845042765393,0.0,0.0,0.0,0.0,0.0
238,0.1968100726418761,0.0,0.17450781388353653,0.0,0.0,0.0,0.0,0.0
239,0.5244948070983629,0.042886039993961345,0.9786163246510626,0.0,0.9999999999720914,0.0,0.0,0.0
240,0.27403518351573375,0.0,0.6303873519429285,0.0,0.0,0.0,0.0,0.0
241,0.28498954952625755,0.06989819904406691,0.712734942634019,0.0,0.0,0.0,0.0,0.0
242,0.12321935924046745,0.0,0.31856265066066203,0.0,0.0,0.0,0.0,0.0
243,0.1608210088660118,0.06989819904406691,0.17450781388353653,0.0,0.9999999999900786,0.0,0.0,0.0
244,0.3814520669052057,0.0,0.26175083730905,0.0,0.9999999999720914,0.0,0.0,0.0
245,0.32477881675734055,0.042886039993961345,0.8257737068909359,0.0,0.9999999999998415,0.0,0.0,0.0
246,0.4739125468990908,0.0,0.8247289804649908,0.0,0.99999999999998,0.0,0.0,0.0
247,0.46585258845933186,0.0,0.9966976344369637,0.0,0.0,0.0,0.0,0.0
248,0.1968100726418761,0.042886039993961345,0.9881257872054326,0.0,0.0,0.0,0.0,0.0
249,0.5118657048388304,0.042886039993961345,0.0,0.0,0.0,0.0,0.0,0.0
250,0.21947810902189457,0.042886039993961345,0.7698378499399133,0.0,0.0,0.0,0.0,0.0
251,0.4739125468990908,0.0,0.0,0.0,0.99999999998336,0.0,0.0,0.0
252,0.28498954952625744,0.042886039993961345,0.8103399933329202,0.0,0.0,0.0,0.0,0.0
253,0.1479643103224687,0.0,0.9842390131534396,0.0,0.0,0.0,0.0,0.0
254,0.18450474698626185,0.042886039993961345,0.9344233143472256,0.0,0.0,0.0,0.0,0.0
255,0.10978658207831848,0.042886039993961345,0.8162422279071994,0.0,0.0,0.0,0.0,0.0
256,0.36348810303404855,0.0,0.7198400995312586,0.0,0.0,0.0,0.0,0.0
257,0.39225545722821065,0.0,0.7290402277201598,0.0,0.0,0.0,0.0,0.0
258,0.6450002092676983,0.042886039993961345,0.6258555132117786,0.0,0.0,0.0,0.0,0.0
259,0.655632839836578,0.0,0.4993388861968804,0.0,0.0,0.0,0.0,0.0
260,0.042886039993961345,0.0,0.042886039993961345,0.0,0.0,0.0,0.0,0.0
261,0.6845365630831248,0.0,0.8639722106236554,0.0,0.0,0.0,0.0,0.0
262,0.5886455169287763,0.0,0.5867081626631593,0.0,0.0,0.0,0.0,0.0
263,0.7312138929584858,0.0,0.26175083730905,0.0,0.0,0.0,1.0,0.0
264,0.4409242179954952,0.0,0.9298759140894268,0.0,0.0,0.0,0.0,0.0
265,0.7104993558369375,0.0,0.7985567356906641,0.0,0.0,0.0,0.0,0.0
266,0.42607553636769335,0.0,0.9103357375637949,0.0,0.0,0.0,0.0,0.0
267,0.1968100726418761,0.0,0.6051483869290144,0.0,0.9999999999992524,0.0,0.0,0.0
268,0.08393286756155904,0.0,0.4823395124985971,0.0,0.0,0.0,0.0,0.0
269,0.14796431032246882,0.0,0.06989819904406691,0.7372258600749859,0.0,0.0,0.0,0.0
270,0.41691237178344864,0.0,0.37290685943771074,0.0,0.9999999999992524,0.0,0.0,0.0
271,0.36348810303404855,0.0,0.37290685943771074,0.0,0.0,0.0,0.0,0.0
272,0.6747963596876136,0.0,0.6303873519429285,0.0,0.0,0.0,0.0,0.0
273,0.6190004968895395,0.06989819904406691,0.8771907152545823,0.0,0.0,0.0,0.0,0.0
274,0.12321935924046745,0.0,0.9512098829130559,0.0,0.0,0.0,0.0,0.0
275,0.4333685686541272,0.06989819904406691,0.11193444074240344,0.0,0.0,0.0,0.0,0.0
276,0.6240808692188691,0.0,0.5054364493861209,0.0,0.0,0.0,0.0,0.0
277,0.0,0.0,0.0,0.0,0.0,0.0,0.0,0.0
278,0.5644053214790096,0.0,0.7653765587559083,0.37290685943771074,1.0,0.0,0.0,0.0
279,0.32477881675734055,0.06989819904406691,0.0,0.0,0.0,0.0,0.0,0.0
280,0.41831921399563343,0.0,0.7653765587559083,0.0,0.9999999999999056,0.0,0.0,0.0
281,0.042886039993961345,0.06989819904406691,0.34280068960306986,0.0,0.9999999999214937,0.0,1.0,0.0
282,0.4432651994479354,0.11193444074240344,0.0,0.0,0.0,0.0,0.0,0.0
283,0.0,0.0,0.9627251811584927,0.0,0.0,0.0,0.0,0.0
284,0.30516893966968683,0.0,0.0,0.0,0.0,0.0,0.0,0.0
285,0.38145206690520583,0.0,0.8230775301941083,0.0,0.9999999970691966,0.0,0.0,0.0
286,0.4169123717834484,0.0,0.9749595840416928,0.0,0.0,0.0,0.0,0.0
287,0.12321935924046745,0.042886039993961345,0.37290685943771074,0.0,0.0,0.0,0.0,0.0
288,0.4432651994479355,0.0,0.709686612294615,0.0,0.0,0.0,0.0,0.0
289,0.5948526050208061,0.11193444074240344,0.9092691185826391,0.0,0.0,0.0,0.0,0.0
290,0.5973048657285598,0.0,0.37290685943771074,0.0,0.0,0.0,0.0,0.0
291,0.41831921399563343,0.0,0.26690882007370687,0.0,0.0,0.0,0.0,0.0
292,0.5896380107203634,0.0,0.0,0.37290685943771074,0.0,0.0,0.0,0.0
293,0.28371543647045816,0.0,0.5370490140506518,0.0,0.0,0.0,0.0,0.0
294,0.49557709679973594,0.042886039993961345,0.9800434636284513,0.0,0.0,0.0,0.0,0.0
295,0.36348810303404866,0.0,0.39058108479159903,0.0,0.0,0.0,0.0,0.0
296,0.08393286756155904,0.0,0.9471630229909721,0.0,0.0,0.0,0.0,0.0
297,0.5644053214790096,0.042886039993961345,0.7493384491254197,0.17450781388353653,0.0,0.0,0.0,0.0
298,0.25295160205454403,0.042886039993961345,0.985371252517182,0.0,0.0,0.0,0.0,0.0
299,0.6402025520960437,0.042886039993961345,0.7372258600749859,0.0,0.0,0.0,0.0,0.0
300,0.12321935924046745,0.0,0.9937833782583338,0.0,0.9999999999720914,0.0,0.0,0.0
301,0.6509788777251293,0.042886039993961345,0.9798372470130554,0.0,0.0,0.0,0.0,0.0
302,0.26469139396833896,0.042886039993961345,0.7602036454085931,0.0,1.0,0.0,0.0,0.0
303,0.22988584390078137,0.0,0.042886039993961345,0.0,0.0,0.0,1.0,0.0
304,0.33496749231205925,0.0,0.8247289804649908,0.0,0.99999999998336,0.0,0.0,0.0
305,0.30851779623241726,0.0,0.0,0.0,0.0,0.0,0.0,0.0
306,0.10978658207831848,0.042886039993961345,0.4993388861968804,0.0,0.0,0.0,0.0,0.0
307,0.5031885305500747,0.06989819904406691,0.17450781388353653,0.0,0.0,0.0,0.0,0.0
308,0.28671468797063937,0.06989819904406691,0.4993388861968804,0.0,0.0,0.0,0.0,0.0
309,0.2312557079893035,0.042886039993961345,0.17450781388353653,0.0,0.9999999999999056,0.9999999999992524,1.0,0.0
310,0.4506888838685412,0.0,0.0,0.0,0.0,0.0,0.0,0.0
311,0.36348810303404866,0.0,0.7682184437383469,0.0,0.9999999999987461,0.0,0.0,0.0
312,0.31565351630137484,0.0,0.9517132094837776,0.0,0.0,0.0,0.0,0.0
313,0.5379147575290608,0.0,0.6258555132117786,0.0,0.9999999999999056,0.0,0.0,0.0
314,0.042886039993961345,0.042886039993961345,0.0,0.0,0.0,0.0,0.0,0.0
315,0.10978658207831848,0.0,0.3443863444634091,0.0,0.0,0.0,0.0,0.0
316,0.08393286756155904,0.042886039993961345,0.684527907260643,0.0,0.0,0.0,0.0,0.0
317,0.3999782515211865,0.0,0.7653765587559083,0.0,0.0,0.0,0.0,0.0
318,0.32477881675734044,0.06989819904406691,0.8247289804649908,0.0,0.0,0.0,0.0,0.0
319,0.6021816124571309,0.0,0.11193444074240344,0.0,0.9999999999900786,0.0,0.0,0.0
320,0.5636291134297808,0.0,0.11193444074240344,0.0,0.9999999999214937,0.0,0.0,0.0
321,0.1968100726418761,0.0,0.6176064780801284,0.0,0.0,0.0,0.0,0.0
322,0.1479643103224687,0.0,0.0,0.0,0.0,0.0,0.0,0.0
323,0.45897765335587604,0.0,0.694887647139073,0.26175083730905,0.0,0.0,0.0,0.0
324,0.10978658207831848,0.0,0.0,0.0,0.0,0.0,0.0,0.0
325,0.7186697908864809,0.0,0.9282978116363505,0.0,0.0,0.0,0.0,0.0
326,0.6852976961581192,0.0,0.6303873519429285,0.9568963412696371,0.0,0.0,0.0,0.0
327,0.042886039993961345,0.0,0.9280689787012106,0.0,0.999999999378792,0.0,0.0,0.0
328,0.6987940317468736,0.042886039993961345,0.6258555132117786,0.0,0.0,0.0,0.0,0.0
329,0.6021816124571311,0.06989819904406691,0.9804150294271089,0.0,0.0,0.0,0.0,0.0
330,0.6306465707311089,0.042886039993961345,0.44175327198480296,0.17450781388353653,0.0,0.0,0.0,0.0
331,0.45766914688066185,0.042886039993961345,0.5185230482912189,0.0,0.9999999999999436,0.9999999999999056,0.0,0.0
332,0.7463248416239885,0.042886039993961345,0.7916390024366239,0.0,0.999999999999988,0.99999999998336,0.0,0.0
333,0.24150639650090766,0.042886039993961345,0.5500969961193709,0.0,0.0,0.0,0.0,0.0
334,0.48876005571333603,0.0,0.7421826789874497,0.0,0.0,0.0,0.0,0.0
335,0.3829444658182115,0.0,0.8995775983902127,0.0,0.0,0.0,0.0,0.0
336,0.2312557079893035,0.0,0.8336479186813126,0.0,0.0,0.0,0.0,0.0
337,0.5896380107203634,0.0,0.26175083730905,0.0,0.0,0.0,0.0,0.0
338,0.6602247444908915,0.0,0.9458503673324885,0.8247289804649908,0.0,0.0,0.0,0.0
339,0.042886039993961345,0.0,0.9948812967292291,0.0,0.0,0.0,0.0,0.0
340,0.3829444658182116,0.042886039993961345,0.0,0.0,0.0,0.0,0.0,0.0
341,0.10978658207831848,0.0,0.37290685943771074,0.0,0.0,0.0,0.0,0.0
342,0.042886039993961345,0.0,0.0,0.0,0.0,0.0,0.0,0.0
343,0.3450024269710008,0.0,0.8443478440149929,0.0,0.0,0.0,0.0,0.0
344,0.41831921399563343,0.0,0.88056378103206,0.0,0.99999999998336,0.0,0.0,0.0
345,0.5509559632641154,0.0,0.694887647139073,0.0,0.0,0.0,0.0,0.0
346,0.3829444658182115,0.042886039993961345,0.06989819904406691,0.06989819904406691,0.0,0.0,0.0,0.0
347,0.6441416134485898,0.06989819904406691,0.0,0.0,0.0,0.0,0.0,0.0
348,0.5470808347394894,0.0,0.6312034150258097,0.0,0.0,0.0,0.0,0.0
349,0.35488594059045175,0.042886039993961345,0.7257179767175054,0.0,0.0,0.0,0.0,0.0
350,0.3156535163013747,0.042886039993961345,0.0,0.0,0.0,0.0,0.0,0.0
351,0.5454512553227306,0.0,0.0,0.0,0.9999999999999929,0.0,0.0,0.0
352,0.1479643103224687,0.0,0.17450781388353653,0.0,0.9999999999214937,0.0,0.0,0.0
353,0.5823433327234318,0.06989819904406691,0.26175083730905,0.0,0.0,0.0,0.0,0.0
354,0.2529516020545439,0.0,0.8247289804649908,0.0,0.0,0.0,0.0,0.0
355,0.14796431032246882,0.0,0.6303873519429285,0.0,0.0,0.0,0.0,0.0
356,0.6495112993144656,0.0,0.0,0.0,0.0,0.0,0.0,0.0
357,0.7240751123890146,0.0,0.7653765587559083,0.0,0.0,0.0,0.0,0.0
358,0.614096706659089,0.042886039993961345,0.0,0.0,0.0,0.0,0.0,0.0
359,0.504387210324601,0.0,0.6236189484636232,0.0,0.9999999996296145,0.0,0.0,0.0
360,0.39225545722821065,0.0,0.9881041395560778,0.0,0.9999999997791635,0.0,0.0,0.0
361,0.35373637942665515,0.0,0.9778545388984512,0.0,0.0,0.0,0.0,0.0
362,0.595573273330231,0.042886039993961345,0.8235968862296348,0.0,0.0,0.0,0.0,0.0
363,0.4770968289803018,0.0,0.4167395405959027,0.0,0.0,0.0,0.0,0.0
364,0.5777202149359162,0.0,0.5976454756409311,0.0,0.0,0.0,0.0,0.0
365,0.33496749231205913,0.042886039993961345,0.39058108479159903,0.0,0.9999999999531919,0.0,0.0,0.0
366,0.5109958738062403,0.042886039993961345,0.5343341963831151,0.0,0.0,0.0,0.0,0.0
367,0.08393286756155904,0.0,0.11193444074240344,0.0,0.0,0.0,0.0,0.0
368,0.6714054426624637,0.0,0.0,0.0,0.0,0.0,0.0,0.0
369,0.6467111911837868,0.0,0.5867081626631593,0.0,0.0,0.0,0.0,0.0
370,0.1720108967559073,0.0,0.49692944742389333,0.0,0.0,0.0,0.0,0.0
371,0.5206959229853526,0.0,0.6860388497877881,0.0,0.9999999999992524,0.9999999950844753,0.0,0.0
372,0.5644053214790095,0.0,0.44310017941994795,0.0,0.0,0.0,0.0,0.0
373,0.12321935924046745,0.042886039993961345,0.39058108479159903,0.0,1.0,0.0,0.0,0.0
374,0.3051689396696867,0.0,0.6303873519429285,0.0,0.0,0.0,0.0,0.0
375,0.042886039993961345,0.0,0.0,0.0,0.0,0.0,0.0,0.0
376,0.5541984147631552,0.042886039993961345,0.5343341963831151,0.0,0.9999999999999976,0.0,0.0,0.0
377,0.6349110267819378,0.0,0.7211819155516337,0.0,0.0,0.0,0.0,0.0
378,0.2957786208393418,0.042886039993961345,0.9016845042765393,0.0,0.9999999950844753,0.0,0.0,0.0
379,0.28498954952625755,0.042886039993961345,0.44310017941994795,0.0,0.0,0.0,0.0,0.0
380,0.4824929051645287,0.0,0.0,0.0,0.0,0.0,0.0,0.0
381,0.47297508522696563,0.0,0.44310017941994795,0.11193444074240344,0.9999999997791635,0.0,0.0,0.0
382,0.21947810902189457,0.0,0.0,0.0,0.999999999996473,0.0,0.0,0.0
383,0.5106851124105245,0.06989819904406691,0.7589432130869509,0.0,0.0,0.0,0.0,0.0
384,0.4742466623640825,0.042886039993961345,0.5159937677513589,0.0,0.0,0.0,0.0,0.0
385,0.6288577876665055,0.0,0.7564195815993262,0.0,0.0,0.0,0.0,0.0
386,0.5244948070983628,0.042886039993961345,0.9566990627404595,0.0,0.0,0.0,0.0,0.0
387,0.20943212315476534,0.0,0.7372258600749859,0.0,0.0,0.0,0.0,0.0
388,0.3989090426124301,0.06989819904406691,0.7719892727303181,0.0,0.0,0.0,0.0,0.0
389,0.4824929051645286,0.06989819904406691,0.0,0.0,0.0,0.0,0.0,0.0
390,0.465852588459332,0.042886039993961345,0.7547057653179124,0.0,0.0,0.0,0.0,0.0
391,0.042886039993961345,0.0,0.6067541930597249,0.11193444074240344,0.0,0.0,0.0,0.0
392,0.5577317637182889,0.0,0.11193444074240344,0.0,0.9999999999992524,0.0,0.0,0.0
393,0.6560595326313092,0.042886039993961345,0.7829508265775997,0.37290685943771074,0.0,0.0,0.0,0.0
394,0.5958301226868159,0.11193444074240344,0.9660535409362586,0.0,0.0,0.0,0.0,0.0
395,0.6019287994628593,0.042886039993961345,0.9806910433262277,0.0,0.99999999998336,0.0,0.0,0.0
396,0.27403518351573364,0.042886039993961345,0.39058108479159903,0.26175083730905,0.0,0.0,0.0,0.0
397,0.44191869112712767,0.0,0.798244178264257,0.0,0.0,0.0,0.0,0.0
398,0.42607553636769335,0.0,0.26690882007370687,0.0,0.9999999861727351,0.0,0.0,0.0
399,0.042886039993961345,0.042886039993961345,0.0,0.0,0.0,0.0,0.0,0.0
400,0.5448873418184788,0.0,0.0,0.0,0.0,0.0,0.0,0.0
401,0.3829444658182115,0.06989819904406691,0.26175083730905,0.6258555132117786,0.0,0.0,0.0,0.0
402,0.24150639650090777,0.042886039993961345,0.0,0.0,0.0,0.0,0.0,0.0
403,0.5636291134297808,0.042886039993961345,0.39058108479159903,0.0,0.0,0.0,0.0,0.0
404,0.08393286756155904,0.0,0.8962432069772673,0.0,0.999999999996473,0.0,0.0,0.0
405,0.6019287994628593,0.0,0.9539433085879077,0.0,0.0,0.0,0.0,0.0
406,0.3450024269710009,0.0,0.989028238710428,0.26175083730905,0.0,0.0,0.0,0.0
407,0.08393286756155904,0.0,0.3443863444634091,0.0,0.0,0.0,0.0,0.0
408,0.06989819904406691,0.0,0.39058108479159903,0.0,0.9999999998683298,0.9999999999214937,0.0,0.0
409,0.18450474698626185,0.0,0.7493384491254197,0.0,0.0,0.0,0.0,0.0
410,0.5316698902493273,0.0,0.8979086051825136,0.0,0.0,0.0,0.0,0.0
411,0.0,0.0,0.7682184437383469,0.0,0.0,0.0,0.0,0.0
412,0.1720108967559073,0.042886039993961345,0.9890872431625172,0.0,0.0,0.0,0.0,0.0
413,0.336572046686077,0.0,0.586458237683833,0.0,0.0,0.0,0.0,0.0
414,0.5031885305500747,0.0,0.4549881737861112,0.0,0.9999999999998415,0.0,0.0,0.0
415,0.30516893966968683,0.0,0.694887647139073,0.0,0.0,0.0,0.0,0.0
416,0.6084212438190764,0.0,0.0,0.0,0.0,0.0,0.0,0.0
417,0.6653517457251817,0.0,0.26690882007370687,0.0,0.0,0.0,0.0,0.0
418,0.4964743544530976,0.0,0.17450781388353653,0.11193444074240344,0.0,0.0,0.0,0.0
419,0.4742466623640824,0.0,0.0,0.37290685943771074,0.9999999999720914,0.0,0.0,0.0
420,0.08393286756155904,0.042886039993961345,0.44310017941994795,0.0,0.0,0.0,0.0,0.0
421,0.21947810902189457,0.042886039993961345,0.932625209757199,0.0,0.9999999999999436,0.0,0.0,0.0
422,0.3926227491346851,0.06989819904406691,0.8655991309274966,0.0,0.0,0.0,0.0,0.0
423,0.3450024269710008,0.0,0.8847667615955963,0.0,0.0,0.0,0.0,0.0
424,0.4742466623640825,0.0,0.8398604687020773,0.0,0.0,0.0,0.0,0.0
425,0.3650238444250099,0.042886039993961345,0.26175083730905,0.0,0.0,0.0,0.0,0.0
426,0.10978658207831848,0.0,0.37290685943771074,0.26175083730905,1.0,0.0,0.0,0.0
427,0.6894940398891791,0.0,0.6067541930597249,0.0,1.0,0.0,0.0,0.0
428,0.5253406264908553,0.042886039993961345,0.9983612230814372,0.0,0.0,0.99999999998336,0.0,0.0
429,0.08393286756155904,0.0,0.6717597369945156,0.0,0.0,0.0,0.0,0.0
430,0.0,0.06989819904406691,0.6025445385692274,0.0,0.0,0.0,0.0,0.0
431,0.27403518351573375,0.06989819904406691,0.26175083730905,0.0,0.0,0.0,0.0,0.0
432,0.4169123717834483,0.042886039993961345,0.6303873519429285,0.0,0.0,0.0,0.0,0.0
433,0.5520393923671171,0.0,0.37290685943771074,0.0,0.0,0.0,0.0,0.0
434,0.545985412962241,0.06989819904406691,0.4167395405959027,0.0,0.0,0.0,0.0,0.0
435,0.42571080822369534,0.0,0.6258555132117786,0.0,0.0,0.0,0.0,0.0
436,0.4333685686541272,0.0,0.37290685943771074,0.0,0.0,0.0,0.0,0.0
437,0.4014259514605092,0.0,0.7096866122946149,0.0,0.0,0.0,0.0,0.0
438,0.5172097976002525,0.06989819904406691,0.9535206767931593,0.0,0.0,0.0,0.0,0.0
439,0.3450024269710009,0.042886039993961345,0.9322522752131559,0.0,0.0,0.0,0.0,0.0
440,0.4169123717834484,0.0,0.8698005392806705,0.0,0.0,0.0,0.0,0.0
441,0.4964743544530976,0.042886039993961345,0.8369801090751054,0.0,0.0,0.0,0.0,0.0
442,0.4964743544530976,0.0,0.0,0.0,0.0,0.0,0.0,0.0
443,0.4739125468990908,0.042886039993961345,0.8149493199480261,0.0,0.9999999999987461,0.0,0.0,0.0
444,0.49557709679973594,0.0,0.37290685943771074,0.0,0.0,0.0,0.0,0.0
445,0.5702136837826204,0.042886039993961345,0.8419598787400308,0.0,0.9999975646169209,0.0,0.0,0.0
446,0.45166598780236045,0.042886039993961345,0.37290685943771074,0.0,0.0,0.0,0.0,0.0
447,0.1479643103224687,0.042886039993961345,0.7096866122946149,0.0,0.0,0.0,0.0,0.0
448,0.6180790186549234,0.0,0.887538734114995,0.0,0.0,0.0,0.0,0.0
449,0.4739125468990908,0.0,0.7930808483931996,0.0,0.0,0.0,0.0,0.0
450,0.6131633682096236,0.0,0.26175083730905,0.0,0.0,0.0,0.0,0.0
451,0.26422410644160377,0.0,0.5553801079719014,0.0,0.0,0.0,0.0,0.0
452,0.6173984544641581,0.0,0.9900886553349472,0.37290685943771074,0.9999999997791635,0.0,0.0,0.0
453,0.5031885305500746,0.06989819904406691,0.0,0.0,0.0,0.0,0.0,0.0
454,0.3730926790838701,0.0,0.44310017941994795,0.4993388861968804,0.0,0.0,0.0,0.0
455,0.06989819904406691,0.0,0.0,0.0,0.0,0.0,0.0,0.0
456,0.2312557079893035,0.042886039993961345,0.26175083730905,0.26175083730905,0.9999999998683298,0.0,0.0,0.0
457,0.326407953815269,0.06989819904406691,0.7576769006747439,0.0,0.0,0.0,0.0,0.0
458,0.08393286756155904,0.0,0.9750739366950498,0.0,0.0,0.0,0.0,0.0
459,0.334967492312059,0.06989819904406691,0.0,0.0,0.0,0.0,0.0,0.0
460,0.4169123717834484,0.0,0.0,0.0,0.0,0.0,0.0,0.0
461,0.589377226285823,0.042886039993961345,0.29341142042572255,0.0,0.9999999999995544,0.0,0.0,0.0
462,0.10978658207831848,0.0,0.9028753543013961,0.0,0.0,0.0,0.0,0.0
463,0.1479643103224687,0.0,0.4993388861968804,0.0,0.0,0.0,1.0,0.0
464,0.3907855777039626,0.0,0.7817763147523917,0.0,0.0,0.0,0.0,0.0
465,0.37460524707453413,0.0,0.45750839628186424,0.0,0.0,0.0,0.0,0.0
466,0.042886039993961345,0.0,0.0,0.0,0.0,0.0,0.0,0.0
467,0.5702136837826206,0.0,0.8195669577865355,0.0,0.0,0.0,0.0,0.0
468,0.5047019714858911,0.0,0.21133956246049224,0.0,0.0,0.0,0.0,0.0
469,0.2529516020545439,0.042886039993961345,0.9260365555654357,0.0,0.0,0.0,0.0,0.0
470,0.48092756953749694,0.0,0.9666331675094333,0.0,0.0,0.0,0.0,0.0
471,0.6509788777251294,0.0,0.0,0.0,0.0,0.0,0.0,0.0
472,0.3730926790838702,0.0,0.0,0.26175083730905,0.0,0.0,0.0,0.0
473,0.0,0.06989819904406691,0.17450781388353653,0.4993388861968804,0.0,0.0,0.0,0.0
474,0.1720108967559073,0.0,0.20990990479202976,0.0,0.0,0.0,0.0,0.0
475,0.24333644873909122,0.042886039993961345,0.0,0.0,0.0,0.0,0.0,0.0
476,0.2529516020545439,0.042886039993961345,0.0,0.0,0.0,0.0,0.0,0.0
477,0.624080869218869,0.042886039993961345,0.8149493199480261,0.0,0.99999999999998,0.0,0.0,0.0
478,0.5267865853114784,0.0,0.37290685943771074,0.8247289804649908,1.0,0.0,0.0,0.0
479,0.6124740445742851,0.0,0.6677351670972718,0.0,0.999999999997897,0.0,0.0,0.0
480,0.64414161344859,0.0,0.0,0.8247289804649908,0.9999999999214937,0.0,0.0,0.0
481,0.44191869112712756,0.0,0.0,0.0,0.0,0.0,0.0,0.0
482,0.5172097976002527,0.042886039993961345,0.31856265066066203,0.4993388861968804,0.0,0.0,0.0,0.0
483,0.25295160205454403,0.06989819904406691,0.9449717091079214,0.0,0.0,0.0,0.0,0.0
484,0.4665144310453688,0.0,0.8870519844893461,0.0,0.0,0.0,0.0,0.0
485,0.3907855777039626,0.0,0.21133956246049224,0.0,0.0,0.0,0.0,0.0
486,0.36348810303404855,0.0,0.7666393364690585,0.0,0.0,0.0,0.0,0.0
487,0.08393286756155904,0.042886039993961345,0.8670103584636231,0.0,0.0,0.0,0.0,0.0
488,0.5830862522832174,0.0,0.7211819155516337,0.0,0.0,0.0,0.0,0.0
489,0.20752007055219757,0.06989819904406691,0.0,0.0,0.0,0.0,0.0,0.0
490,0.4834293274676339,0.0,0.6426828043052393,0.6258555132117786,0.0,0.0,0.0,0.0
491,0.655632839836578,0.0,0.9229871399387876,0.0,0.0,0.0,0.0,0.0
492,0.10978658207831848,0.0,0.632969753338859,0.0,0.0,0.0,0.0,0.0
493,0.4079791383020913,0.0,0.9667502992841076,0.0,0.9999999999940845,0.0,0.0,0.0
494,0.5712506489017801,0.06989819904406691,0.4993388861968804,0.0,0.0,0.0,0.0,0.0
495,0.6464866766706412,0.042886039993961345,0.9785680456702462,0.6258555132117786,0.9999999999214937,0.0,0.0,0.0
496,0.617398454464158,0.0,0.0,0.0,0.0,0.0,0.0,0.0
497,0.5459854129622412,0.0,0.794162782612899,0.0,0.0,0.0,0.0,0.0
498,0.39225545722821076,0.042886039993961345,0.9937328317199657,0.0,0.0,0.0,0.0,0.0
499,0.5192313534351083,0.0,0.6753786591477395,0.0,0.0,0.0,0.0,0.0
500,0.545985412962241,0.042886039993961345,0.8247289804649908,0.37290685943771074,0.9999999999992524,0.0,1.0,0.0
501,0.4589776533558759,0.042886039993961345,0.0,0.0,0.0,0.0,0.0,0.0
502,0.6793266486046083,0.0,0.9671683035215649,0.0,0.0,0.0,0.0,0.0
503,0.18450474698626185,0.042886039993961345,0.31335312422693773,0.0,0.0,0.0,0.0,0.0
504,0.5712506489017801,0.0,0.06989819904406691,0.0,0.0,0.0,0.0,0.0
505,0.38255232794295635,0.06989819904406691,0.0,0.0,0.0,0.0,0.0,0.0
506,0.7189917486821268,0.0,0.0,0.0,0.9999999999997342,0.0,0.0,0.0
507,0.21947810902189457,0.0,0.7096866122946149,0.0,0.0,0.0,0.0,0.0
508,0.10978658207831848,0.0,0.9695066345225127,0.0,0.0,0.0,0.0,0.0
509,0.45166598780236056,0.0,0.8684392064264856,0.0,0.0,0.0,0.0,0.0
510,0.4333685686541272,0.0,0.0,0.0,0.0,0.0,0.0,0.0
511,0.35373637942665503,0.0,0.8721274498149705,0.4993388861968804,0.0,0.0,0.0,0.0
512,0.6183215747271508,0.0,0.7462066299654035,0.0,0.9999999999900786,0.0,0.0,0.0
513,0.26422410644160377,0.0,0.6606147154623515,0.0,0.9999999999995544,0.0,0.0,0.0
514,0.28498954952625755,0.11193444074240344,0.37290685943771074,0.37290685943771074,0.0,0.0,0.0,0.0
515,0.0,0.0,0.8817771251055875,0.37290685943771074,0.0,0.0,0.0,0.0
516,0.042886039993961345,0.042886039993961345,0.8569295719901492,0.06989819904406691,0.0,0.0,0.0,0.0
517,0.0,0.0,0.9016845042765393,0.0,0.999999999996473,0.0,0.0,0.0
518,0.6393323527535062,0.0,0.6860388497877881,0.8247289804649908,0.9999999999992524,0.0,0.0,0.0
519,0.08393286756155904,0.0,0.4167395405959027,0.0,0.0,0.0,0.0,0.0
520,0.20943212315476545,0.06989819904406691,0.0,0.0,0.0,0.0,0.0,0.0
521,0.5379147575290609,0.06989819904406691,0.8706063165842903,0.0,0.0,0.0,0.0,0.0
522,0.21947810902189457,0.0,0.9856765624008311,0.0,0.0,0.0,0.0,0.0
523,0.697527508468024,0.042886039993961345,0.9682863778174376,0.0,0.0,0.0,0.0,0.0
524,0.4079791383020913,0.0,0.0,0.0,0.0,0.0,0.0,0.0
525,0.29452373337193893,0.06989819904406691,0.0,0.0,0.0,0.0,0.0,0.0
526,0.08393286756155904,0.042886039993961345,0.0,0.0,0.0,0.0,0.0,0.0
527,0.69771030846087,0.0,0.9725878618107932,0.0,0.0,0.0,1.0,0.0
528,0.1608210088660118,0.042886039993961345,0.17450781388353653,0.0,0.0,0.0,0.0,0.0
529,0.6594029704464203,0.06989819904406691,0.694887647139073,0.0,1.0,0.0,0.0,0.0
530,0.4742466623640824,0.042886039993961345,0.6717597369945156,0.0,0.0,0.0,0.0,0.0
531,0.042886039993961345,0.042886039993961345,0.0,0.0,0.999999999997897,0.0,0.0,0.0
532,0.5327998517435364,0.0,0.9704480875821895,0.0,0.0,0.0,0.0,0.0
533,0.504387210324601,0.0,0.9284134898056877,0.0,0.0,0.0,0.0,0.0
534,0.1479643103224687,0.042886039993961345,0.6303873519429285,0.0,0.0,0.0,0.0,0.0
535,0.4887600557133359,0.0,0.0,0.0,0.0,0.0,0.0,0.0
536,0.5509559632641156,0.042886039993961345,0.9736115897877837,0.0,0.0,0.0,0.0,0.0
537,0.1608210088660118,0.042886039993961345,0.9913725100202357,0.0,0.0,0.0,0.0,0.0
538,0.4347357062468187,0.042886039993961345,0.9102815159777117,0.0,1.0,0.0,0.0,0.0
539,0.4964743544530976,0.0,0.0,0.0,0.0,0.0,0.0,0.0
540,0.41691237178344864,0.042886039993961345,0.8505130535931673,0.0,0.9999999989581139,0.0,0.0,0.0
541,0.3450024269710008,0.0,0.9754648446011702,0.0,0.9999999982525551,0.0,0.0,0.0
542,0.629753259471715,0.0,0.9132802085855085,0.0,0.0,0.0,0.0,0.0
543,0.3438352538775724,0.0,0.9593670081337686,0.0,0.0,0.0,0.0,1.0
544,0.32477881675734044,0.06989819904406691,0.06989819904406691,0.0,0.0,0.0,0.0,0.0
545,0.1349106398585298,0.042886039993961345,0.856177556422431,0.0,0.9999999999992524,0.0,0.0,0.0
546,0.6934397333309371,0.042886039993961345,0.7493384491254197,0.0,0.0,0.0,0.0,0.0
547,0.08393286756155904,0.0,0.8850899261730274,0.0,0.0,0.0,0.0,0.0
548,0.5043872103246011,0.0,0.8872266153041491,0.0,0.9999999999992524,0.0,0.0,0.0
549,0.08393286756155904,0.042886039993961345,0.6032481578920859,0.0,0.0,0.0,0.0,0.0
550,0.4274602701932301,0.042886039993961345,0.9615637557853626,0.0,0.9999999999999436,0.0,0.0,0.0
551,0.27403518351573375,0.042886039993961345,0.26175083730905,0.0,0.0,0.0,0.0,0.0
552,0.2529516020545439,0.042886039993961345,0.8530065985928086,0.0,0.0,0.0,0.0,0.0
553,0.042886039993961345,0.042886039993961345,0.44310017941994795,0.0,0.0,0.0,0.0,0.0
554,0.0,0.0,0.0,0.0,0.0,0.0,0.0,0.0
555,0.12321935924046745,0.0,0.9138861004876953,0.0,0.0,0.0,0.0,0.0
556,0.5031885305500745,0.0,0.0,0.8247289804649908,0.0,0.0,0.0,0.0
557,0.12321935924046745,0.0,0.8706063165842903,0.0,0.0,0.0,0.0,0.0
558,0.5903679546487492,0.0,0.5532403683804716,0.0,0.0,0.0,0.0,0.0
559,0.5244948070983628,0.042886039993961345,0.4167166487623031,0.0,0.0,0.0,0.0,0.0
560,0.0,0.0,0.5185230482912189,0.37290685943771074,0.0,0.0,0.0,0.0
561,0.36348810303404855,0.042886039993961345,0.7682184437383469,0.6258555132117786,0.0,0.0,0.0,0.0
562,0.5702136837826204,0.0,0.5553801079719014,0.0,0.0,0.0,0.0,0.0
563,0.4079791383020912,0.042886039993961345,0.9488180875377508,0.042886039993961345,0.0,0.0,0.0,0.0
564,0.45766914688066185,0.0,0.5159937677513589,0.0,0.0,0.0,0.0,0.0
565,0.31565351630137484,0.0,0.39058108479159903,0.0,0.9999999998683298,0.0,0.0,0.0
566,0.11193444074240344,0.0,0.7408275237556817,0.0,0.999999999378792,0.0,0.0,0.0
567,0.4333685686541272,0.0,0.9761999365254059,0.0,0.99999999998336,0.0,0.0,0.0
568,0.46585258845933186,0.0,0.7960868299876933,0.0,0.9999999999940845,0.0,0.0,0.0
569,0.40835512773944627,0.0,0.0,0.0,0.0,0.0,0.0,0.0
570,0.44936033033129175,0.0,0.0,0.0,0.0,0.0,0.0,0.0
571,0.35373637942665515,0.0,0.9521571903367211,0.0,0.9999999999214937,0.0,0.0,0.0
572,0.1968100726418761,0.042886039993961345,0.4587960502432935,0.0,0.9999999989581139,0.0,0.0,0.0
573,0.21947810902189457,0.0,0.11193444074240344,0.0,0.9999999989581139,0.0,0.0,0.0
574,0.10978658207831848,0.0,0.9885133474275996,0.0,0.0,0.0,0.0,0.0
575,0.629753259471715,0.0,0.5917416534302287,0.0,0.9999999999987461,0.0,0.0,0.0
576,0.5440763537003829,0.042886039993961345,0.9851033796610311,0.0,0.0,0.0,0.0,0.0
577,0.42571080822369545,0.0,0.9274186676026095,0.0,0.0,0.0,0.0,0.0
578,0.24150639650090766,0.11193444074240344,0.9696412087217576,0.0,1.0,0.0,0.0,0.0
579,0.24150639650090777,0.06989819904406691,0.11193444074240344,0.0,0.0,0.0,0.0,0.0
580,0.6357918936600386,0.042886039993961345,0.0,0.0,0.0,0.0,0.0,0.0
581,0.42571080822369545,0.0,0.0,0.0,0.0,0.0,0.0,0.0
582,0.35373637942665515,0.042886039993961345,0.7257179767175054,0.0,0.9999999999997342,0.0,0.0,0.0
583,0.21947810902189457,0.0,0.7240783708272985,0.0,0.0,0.0,0.0,0.0
584,0.18450474698626174,0.0,0.0,0.06989819904406691,0.0,0.0,1.0,0.0
585,0.5577317637182889,0.042886039993961345,0.26175083730905,0.0,0.0,0.0,0.0,0.0
586,0.38145206690520583,0.0,0.9459113022365464,0.0,0.0,0.0,0.0,0.0
587,0.655632839836578,0.0,0.11193444074240344,0.0,0.999999999997897,0.0,0.0,0.0
588,0.4887600557133359,0.0,0.8521839735864585,0.0,0.0,0.0,0.0,0.0
589,0.042886039993961345,0.042886039993961345,0.8648109830134316,0.0,0.9999999999720914,0.0,0.0,0.0
590,0.24150639650090777,0.042886039993961345,0.6258555132117786,0.0,0.0,0.0,0.0,0.0
591,0.18450474698626185,0.0,0.39058108479159903,0.0,0.9999999999531919,0.0,0.0,0.0
592,0.6564637102477544,0.0,0.0,0.0,0.0,0.0,0.0,0.0
593,0.5244948070983628,0.042886039993961345,0.26690882007370687,0.0,1.0,0.0,0.0,0.0
594,0.042886039993961345,0.06989819904406691,0.0,0.0,0.0,0.0,0.0,0.0
595,0.042886039993961345,0.042886039993961345,0.9082245144527608,0.0,0.0,0.0,0.0,0.0
596,0.4742466623640824,0.0,0.0,0.0,0.0,0.0,0.0,0.0
597,0.4094075341356269,0.042886039993961345,0.8765360941369018,0.887538734114995,0.0,0.0,0.0,0.0
598,0.48092756953749705,0.0,0.9671683035215649,0.4993388861968804,0.0,0.0,0.0,0.0
599,0.5180685754260073,0.06989819904406691,0.49692944742389333,0.0,0.0,0.0,0.0,0.0
600,0.1968100726418761,0.042886039993961345,0.31856265066066203,0.0,0.0,0.0,0.0,0.0
601,0.47297508522696563,0.042886039993961345,0.0,0.0,0.0,0.0,0.0,0.0
602,0.21947810902189469,0.042886039993961345,0.9030320468859371,0.0,0.0,0.0,0.0,0.0
603,0.46585258845933186,0.11193444074240344,0.7698378499399133,0.0,0.0,0.0,0.0,0.0
604,0.6183215747271507,0.0,0.06989819904406691,0.0,0.0,0.0,0.0,0.0
605,0.10978658207831848,0.0,0.6677351670972718,0.0,0.0,0.0,0.0,0.0
606,0.36348810303404855,0.0,0.0,0.0,0.0,0.0,0.0,0.0
607,0.24150639650090777,0.042886039993961345,0.5402835496615066,0.0,0.0,0.0,0.0,0.0
608,0.3051689396696867,0.0,0.17450781388353653,0.0,0.999999999996473,0.0,0.0,0.0
609,0.10978658207831848,0.042886039993961345,0.7271337720518822,0.0,0.0,0.0,0.0,0.0
610,0.6885452526867416,0.042886039993961345,0.26175083730905,0.0,0.0,0.0,0.0,0.0
611,0.5180685754260073,0.0,0.4993388861968804,0.0,0.0,0.0,0.0,0.0
612,0.1608210088660118,0.0,0.26175083730905,0.0,0.0,0.0,0.0,0.0
613,0.4183192139956333,0.042886039993961345,0.3443863444634091,0.26175083730905,0.0,0.0,0.0,0.0
614,0.35373637942665515,0.0,0.8299802335717423,0.0,0.0,0.0,0.0,0.0
615,0.5316698902493273,0.0,0.8900887459102367,0.0,0.0,0.0,0.0,0.0
616,0.46714135037044147,0.0,0.890743886685711,0.0,0.0,0.0,0.0,0.0
617,0.1968100726418761,0.042886039993961345,0.7372258600749859,0.0,0.0,0.9999999999995544,0.0,0.0
618,0.6987940317468737,0.06989819904406691,0.8374747179246451,0.0,0.9999999970691966,0.0,0.0,0.0
619,0.49557709679973594,0.0,0.06989819904406691,0.0,0.0,0.0,0.0,0.0
620,0.06989819904406691,0.042886039993961345,0.8973788931637361,0.0,0.0,0.0,0.0,0.0
621,0.3719755614224063,0.0,0.8800158465917588,0.0,0.0,0.0,0.0,0.0
622,0.1968100726418761,0.042886039993961345,0.9171020921600712,0.11193444074240344,0.9999999999995544,0.0,0.0,0.0
623,0.595830122686816,0.042886039993961345,0.11193444074240344,0.0,0.0,0.0,0.0,0.0
624,0.650356939446681,0.042886039993961345,0.8587479354177084,0.0,0.0,0.0,0.0,0.0
625,0.3833173848452037,0.0,0.632969753338859,0.0,0.0,0.0,0.0,0.0
626,0.2529516020545439,0.0,0.17450781388353653,0.0,0.0,0.0,0.0,0.0
627,0.47203595304477297,0.042886039993961345,0.0,0.0,0.0,0.0,0.0,0.0
628,0.1479643103224687,0.0,0.4993388861968804,0.0,0.0,0.0,0.0,0.0
629,0.5833510320833416,0.042886039993961345,0.26175083730905,0.0,0.0,0.0,0.0,0.0
630,0.5109958738062403,0.06989819904406691,0.8734803081210075,0.0,0.0,0.0,0.0,0.0
631,0.28498954952625755,0.0,0.5888691737540364,0.0,0.9999999999720914,0.0,0.0,0.0
632,0.45033979747031383,0.042886039993961345,0.8257737068909359,0.0,0.0,0.0,0.0,0.0
633,0.36348810303404855,0.0,0.7817763147523917,0.0,0.0,0.0,0.0,0.0
634,0.4742466623640824,0.06989819904406691,0.0,0.0,0.0,0.0,0.0,0.0
635,0.1608210088660118,0.0,0.5343341963831151,0.0,0.9999999999940845,0.0,0.0,0.0
636,0.3730926790838701,0.06989819904406691,0.9084142280303299,0.0,0.0,0.0,0.0,0.0
637,0.5654563006997843,0.0,0.17450781388353653,0.0,0.999999999999988,0.0,0.0,0.0
638,0.2312557079893035,0.042886039993961345,0.0,0.0,0.0,0.0,0.0,0.0
639,0.5657322771924664,0.042886039993961345,0.8369801090751054,0.0,0.0,0.0,0.0,0.0
640,0.4409242179954951,0.0,0.11193444074240344,0.0,0.0,0.9999999999999991,0.0,0.0
641,0.6122277724053331,0.0,0.37290685943771074,0.0,0.0,0.0,0.0,0.0
642,0.36389234850155405,0.042886039993961345,0.8931865254075042,0.0,0.0,0.0,0.0,0.0
643,0.2312557079893035,0.06989819904406691,0.0,0.0,0.0,0.0,0.0,0.0
644,0.31565351630137484,0.0,0.9137469471999734,0.0,0.0,0.0,0.0,0.0
645,0.5644053214790095,0.042886039993961345,0.4823395124985971,0.0,0.9999999999720914,0.0,0.0,0.0
646,0.33496749231205925,0.042886039993961345,0.0,0.0,0.0,0.0,0.0,0.0
647,0.08393286756155904,0.0,0.9544847443207249,0.0,0.0,0.0,0.0,0.0
648,0.3450024269710009,0.042886039993961345,0.26175083730905,0.0,1.0,0.0,0.0,0.0
649,0.21947810902189469,0.0,0.743094857059152,0.0,0.0,0.0,0.0,0.0
650,0.06989819904406691,0.0,0.9294763115845616,0.0,0.0,0.0,0.0,0.0
651,0.08393286756155904,0.0,0.9797500442216284,0.0,0.999999999997897,0.0,0.0,0.0
652,0.4246874534509618,0.0,0.9791903668862013,0.0,0.0,0.0,0.0,0.0
653,0.5654563006997844,0.0,0.7754386290406232,0.0,0.0,0.0,0.0,0.0
654,0.31565351630137484,0.0,0.17450781388353653,0.0,0.0,0.0,0.0,0.0
655,0.32477881675734055,0.0,0.042886039993961345,0.0,0.0,0.0,0.0,0.0
656,0.27578675206043946,0.042886039993961345,0.632969753338859,0.0,0.9999999970691966,0.0,0.0,0.0
657,0.46585258845933186,0.0,0.21133956246049224,0.0,0.0,0.0,0.0,0.0
658,0.48185088548514055,0.0,0.6067541930597249,0.0,0.0,0.0,0.0,0.0
659,0.21947810902189457,0.06989819904406691,0.9258632460961602,0.0,0.0,0.0,0.0,0.0
660,0.5830862522832174,0.042886039993961345,0.31856265066066203,0.0,0.0,0.0,0.0,0.0
661,0.504387210324601,0.042886039993961345,0.11193444074240344,0.0,0.0,0.0,0.0,0.0
662,0.5712506489017801,0.042886039993961345,0.31856265066066203,0.17450781388353653,0.0,0.0,0.0,0.0
663,0.28498954952625755,0.042886039993961345,0.0,0.0,0.0,0.0,0.0,0.0
664,0.24150639650090777,0.0,0.9987086798396237,0.0,0.0,0.0,0.0,0.0
665,0.5823433327234315,0.0,0.0,0.0,0.0,0.0,0.0,0.0
666,0.6290934981973704,0.0,0.9929846397190889,0.0,0.0,0.0,0.0,0.0
667,0.5098131776209536,0.042886039993961345,0.9275619183044748,0.0,0.0,0.0,0.0,0.0
668,0.4079791383020913,0.042886039993961345,0.0,0.0,0.0,0.0,0.0,0.0
669,0.4333685686541273,0.0,0.9778583016678813,0.0,0.0,0.0,0.0,0.0
670,0.46714135037044147,0.0,0.17450781388353653,0.0,0.9999999998683298,0.0,0.0,0.0
671,0.1608210088660118,0.042886039993961345,0.7519424049372296,0.0,0.999999999996473,0.0,0.0,0.0
672,0.6447746074280869,0.042886039993961345,0.8322456604185515,0.0,0.0,0.0,0.0,0.0
673,0.3814520669052057,0.042886039993961345,0.0,0.0,0.0,0.0,0.0,0.0
674,0.21947810902189469,0.042886039993961345,0.11193444074240344,0.0,0.999999999997897,0.0,0.0,0.0
675,0.0,0.042886039993961345,0.37290685943771074,0.0,0.0,0.0,0.0,0.0
676,0.5595836445749893,0.06989819904406691,0.8086661364200919,0.06989819904406691,0.0,0.0,0.0,0.0
677,0.7355977289188278,0.042886039993961345,0.0,0.0,1.0,0.0,0.0,0.0
678,0.12321935924046745,0.0,0.15002005583398437,0.0,0.9999999999998415,0.0,0.0,0.0
679,0.7103153786076633,0.0,0.9023916006680706,0.0,0.999999999997897,0.0,0.0,0.0
680,0.48908474160101634,0.042886039993961345,0.0,0.0,0.0,0.0,0.0,0.0
681,0.44936033033129175,0.042886039993961345,0.7411298905600116,0.0,0.0,0.0,0.0,0.0
682,0.6240808692188691,0.11193444074240344,0.9854586059600925,0.0,0.0,0.0,0.0,0.0
683,0.6704013836399534,0.0,0.0,0.0,0.0,0.0,0.0,0.0
684,0.08393286756155904,0.042886039993961345,0.0,0.26175083730905,0.0,0.0,0.0,0.0
685,0.6349110267819378,0.11193444074240344,0.6753786591477395,0.26175083730905,0.0,0.0,0.0,0.0
686,0.48092756953749694,0.06989819904406691,0.702962109287002,0.0,0.0,0.0,0.0,0.0
687,0.31565351630137484,0.042886039993961345,0.8247289804649908,0.0,0.0,0.0,0.0,0.0
688,0.3650238444250099,0.0,0.8536611286226822,0.0,1.0,0.0,0.0,0.0
689,0.4967941410288951,0.042886039993961345,0.9624275120876654,0.0,0.0,0.0,0.0,0.0
690,0.5256420802441388,0.0,0.652007539020542,0.0,0.0,0.0,0.0,0.0
691,0.28498954952625744,0.0,0.9116921824694655,0.0,0.0,0.0,0.0,0.0
692,0.5244948070983628,0.042886039993961345,0.4823395124985971,0.17450781388353653,0.0,0.0,0.0,0.0
693,0.4343764816279132,0.0,0.21133956246049224,0.0,0.9999999996296145,0.0,0.0,0.0
694,0.623171678277247,0.042886039993961345,0.9527366881123005,0.0,0.0,0.0,0.0,0.0
695,0.20752007055219768,0.0,0.6258555132117786,0.11193444074240344,0.0,0.0,0.0,0.0
696,0.3268150408220907,0.0,0.9765079962388646,0.0,0.0,0.0,0.0,0.0
697,0.28498954952625755,0.0,0.0,0.0,0.0,0.0,0.0,0.0
698,0.1479643103224687,0.042886039993961345,0.4993388861968804,0.0,0.0,0.0,0.0,0.0
699,0.5183746476219256,0.042886039993961345,0.6258555132117786,0.0,0.0,0.0,0.0,0.0
700,0.5121757164463013,0.042886039993961345,0.8831653902787637,0.0,0.0,0.0,0.0,0.0
701,0.42571080822369545,0.042886039993961345,0.9646915316084225,0.0,0.9999999999720914,0.0,0.0,0.0
702,0.306845390375732,0.06989819904406691,0.0,0.0,0.9999999998683298,0.0,0.0,0.0
703,0.4333685686541273,0.0,0.9114217992101834,0.0,0.0,0.0,0.0,0.0
704,0.6397792428875704,0.06989819904406691,0.9383470270208367,0.0,0.9999999950844753,0.0,0.0,0.0
705,0.14796431032246882,0.0,0.9344057903947456,0.0,0.0,0.0,0.0,0.0
706,0.042886039993961345,0.0,0.7773961096381894,0.0,0.0,0.0,0.0,0.0
707,0.27403518351573364,0.11193444074240344,0.0,0.0,0.0,0.0,0.0,0.0
708,0.08393286756155904,0.06989819904406691,0.893446205701461,0.0,0.0,0.0,0.0,0.0
709,0.46585258845933186,0.042886039993961345,0.6911466496777687,0.0,0.0,0.0,0.0,0.0
710,0.3999782515211864,0.0,0.6303873519429285,0.0,0.0,0.0,0.0,0.0
711,0.6012194563848581,0.0,0.0,0.0,0.0,0.0,0.0,0.0
712,0.5098131776209536,0.0,0.7257179767175054,0.0,0.0,0.0,0.0,0.0
713,0.35488594059045175,0.042886039993961345,0.0,0.0,0.0,0.0,0.0,0.0
714,0.0,0.06989819904406691,0.8467342344278197,0.0,0.0,0.0,0.0,0.0
715,0.6450002092676983,0.042886039993961345,0.5694084542141863,0.0,0.0,0.0,0.0,0.0
716,0.5906281098767466,0.042886039993961345,0.0,0.0,0.0,0.0,0.0,0.0
717,0.28498954952625755,0.0,0.5159937677513589,0.0,0.0,0.0,0.0,0.0
718,0.6355604399495388,0.0,0.9985119344981025,0.0,0.0,0.0,0.0,0.0
719,0.08393286756155904,0.0,0.4993388861968804,0.0,0.0,0.0,0.0,0.0
720,0.4333685686541272,0.0,0.37290685943771074,0.0,0.0,0.0,0.0,0.0
721,0.4742466623640825,0.11193444074240344,0.9126893943066571,0.0,0.9999999999214937,0.0,0.0,0.0
722,0.28498954952625755,0.06989819904406691,0.6860388497877881,0.0,0.9999999999900786,0.0,0.0,0.0
723,0.6005088492927768,0.0,0.9948325828796967,0.0,0.0,0.0,0.0,0.0
724,0.306845390375732,0.0,0.4823395124985971,0.0,0.0,0.0,0.0,0.0
725,0.4169123717834484,0.0,0.11193444074240344,0.0,0.0,0.0,0.0,0.0
726,0.4333685686541273,0.06989819904406691,0.26175083730905,0.0,0.0,0.0,0.0,0.0
727,0.1864723297135531,0.0,0.9171020921600712,0.0,0.0,0.0,0.0,0.0
728,0.4169123717834484,0.042886039993961345,0.6419010886356984,0.0,0.0,0.0,0.0,0.0
729,0.5590654855388437,0.0,0.5726753125063526,0.0,0.0,0.0,0.0,0.0
730,0.374605247074534,0.0,0.8198580530025608,0.0,0.9999999999999436,0.0,0.0,0.0
731,0.5244948070983628,0.042886039993961345,0.0,0.0,0.0,0.0,0.0,0.0
732,0.6190004968895393,0.0,0.0,0.0,0.0,0.0,0.0,0.0
733,0.5401418560068607,0.042886039993961345,0.658226822255944,0.0,0.0,0.0,0.0,0.0
734,0.0,0.0,0.17450781388353653,0.0,0.0,0.0,0.0,0.0
735,0.21947810902189469,0.0,0.8352161393358685,0.0,0.0,0.0,0.0,0.0
736,0.33496749231205913,0.0,0.0,0.0,0.9999999999531919,0.0,0.0,0.0
737,0.3730926790838702,0.0,0.37290685943771074,0.0,0.99999999999998,0.0,0.0,0.0
738,0.5035040529867911,0.0,0.37290685943771074,0.0,0.0,0.0,0.0,0.0
739,0.06989819904406691,0.0,0.9570070294012107,0.0,0.0,0.0,0.0,0.0
740,0.21947810902189457,0.0,0.06989819904406691,0.0,0.9999999970691966,0.0,0.0,0.0
741,0.1479643103224687,0.0,0.0,0.0,0.9999999999720914,0.9999999970691966,0.0,0.0
742,0.33496749231205913,0.0,0.0,0.0,0.0,0.0,0.0,0.0
743,0.5106851124105245,0.0,0.17450781388353653,0.0,0.0,0.0,0.0,0.0
744,0.5038041115312968,0.042886039993961345,0.9392336774179744,0.4993388861968804,0.0,0.0,0.0,0.0
745,0.5896380107203634,0.11193444074240344,0.6178375785439003,0.0,0.0,0.0,0.0,0.0
746,0.21947810902189457,0.0,0.9711081224125041,0.0,0.9999999950844753,0.0,0.0,0.0
747,0.7017411383485714,0.0,0.0,0.0,0.0,0.0,0.0,0.0
748,0.5401418560068606,0.0,0.0,0.0,0.0,0.0,0.0,0.0
749,0.41831921399563343,0.0,0.7682184437383469,0.0,0.9999994837994035,0.0,0.0,0.0
750,0.3829444658182116,0.042886039993961345,0.9515880667247917,0.0,0.0,0.0,1.0,0.0
751,0.0,0.0,0.26175083730905,0.0,0.0,0.0,0.0,0.0
752,0.3907855777039626,0.06989819904406691,0.26175083730905,0.0,0.0,0.0,0.0,0.0
753,0.40035932228103144,0.042886039993961345,0.6955613008373697,0.0,0.0,0.0,0.0,0.0
754,0.17400862396757155,0.0,0.8230775301941083,0.0,0.0,0.0,0.0,0.0
755,0.3259798870706284,0.042886039993961345,0.9327696093361085,0.0,0.0,0.0,0.0,0.0
756,0.5098131776209536,0.042886039993961345,0.861856769816024,0.0,0.0,0.0,0.0,0.0
757,0.7155556955162354,0.042886039993961345,0.9606408995637706,0.0,0.0,0.0,0.0,0.0
758,0.6547999598978473,0.0,0.7183675058615985,0.0,0.0,0.0,0.0,0.0
759,0.7013711181872189,0.042886039993961345,0.26175083730905,0.0,0.0,0.0,0.0,0.0
760,0.1349106398585298,0.042886039993961345,0.26690882007370687,0.0,0.999999999997897,0.0,0.0,0.0
761,0.5958301226868159,0.0,0.632969753338859,0.0,0.0,0.0,0.0,0.0
762,0.5379147575290609,0.0,0.37290685943771074,0.0,0.0,0.0,0.0,0.0
763,0.48092756953749694,0.042886039993961345,0.7408275237556817,0.887538734114995,0.0,0.0,0.0,0.0
764,0.5903679546487495,0.0,0.4993388861968804,0.0,0.0,0.0,0.0,0.0
765,0.27403518351573375,0.0,0.9750340125796005,0.0,0.0,0.0,0.0,0.0
766,0.5823433327234318,0.042886039993961345,0.6751696063483951,0.0,0.0,0.0,0.0,0.0
767,0.0,0.11193444074240344,0.042886039993961345,0.0,0.0,0.0,0.0,0.0
768,0.48908474160101656,0.042886039993961345,0.0,0.0,0.0,0.0,0.0,0.0
769,0.42571080822369545,0.042886039993961345,0.5500969961193709,0.0,0.0,0.0,0.0,0.0
770,0.36348810303404866,0.0,0.4823395124985971,0.0,0.0,0.0,0.0,0.0
771,0.4739125468990908,0.0,0.0,0.0,0.0,0.0,0.0,0.0
772,0.693439733330937,0.0,0.17450781388353653,0.11193444074240344,0.0,0.0,0.0,0.0
773,0.5531202074311264,0.0,0.8247289804649908,0.0,0.9999999970691966,0.0,0.0,0.0
774,0.5517547140664709,0.0,0.0,0.0,0.0,0.0,0.0,0.0
775,0.5043872103246011,0.0,0.5185230482912189,0.0,0.0,0.0,0.0,0.0
776,0.35373637942665515,0.0,0.44310017941994795,0.17450781388353653,0.9999999950844753,0.0,0.0,0.0
777,0.5390296517461174,0.0,0.8103399933329201,0.0,0.0,0.0,0.0,0.0
778,0.5598633507616994,0.042886039993961345,0.7576769006747439,0.0,0.9999999999998415,0.0,0.0,0.0
779,0.42607553636769324,0.0,0.634241366746481,0.0,0.0,0.0,0.0,0.0
780,0.0,0.0,0.26175083730905,0.0,0.0,0.0,0.0,0.0
781,0.6081844491289761,0.0,0.44310017941994795,0.0,0.0,0.0,0.0,0.0
782,0.6804762782077172,0.06989819904406691,0.7183675058615985,0.0,0.0,0.0,0.0,0.0
783,0.564681965443248,0.0,0.8443478440149929,0.11193444074240344,0.0,0.0,0.0,0.0
784,0.3730926790838701,0.06989819904406691,0.17450781388353653,0.0,0.0,0.0,0.0,0.0
785,0.3068453903757321,0.042886039993961345,0.0,0.0,0.0,0.0,0.0,0.0
786,0.306845390375732,0.042886039993961345,0.0,0.0,0.0,0.0,0.0,0.0
787,0.0,0.0,0.26175083730905,0.0,0.0,0.0,0.0,0.0
788,0.30516893966968683,0.042886039993961345,0.0,0.0,0.0,0.0,0.0,0.0
789,0.06989819904406691,0.042886039993961345,0.26175083730905,0.0,1.0,0.0,0.0,0.0
790,0.21947810902189457,0.06989819904406691,0.984596592691041,0.042886039993961345,0.0,0.0,0.0,0.0
791,0.1968100726418761,0.0,0.26175083730905,0.0,0.0,0.0,0.0,0.0
792,0.623841973169735,0.042886039993961345,0.8553151429211838,0.0,0.0,0.0,0.0,0.0
793,0.36348810303404866,0.0,0.0,0.0,0.0,0.0,0.0,0.0
794,0.525642080244139,0.042886039993961345,0.743094857059152,0.0,0.0,0.0,0.0,0.0
795,0.0,0.0,0.0,0.0,0.9999999999214937,0.0,0.0,0.0
796,0.3156535163013747,0.042886039993961345,0.8063201825732471,0.0,0.9999999999999991,0.0,0.0,0.0
797,0.27403518351573364,0.0,0.7117149673890865,0.0,0.0,0.0,0.0,0.0
798,0.5244948070983629,0.042886039993961345,0.982700945823177,0.0,0.0,0.0,0.0,0.0
799,0.4739125468990908,0.0,0.9662057719959891,0.0,0.9999999950844753,0.0,0.0,0.0
800,0.25475403992136914,0.0,0.7372258600749859,0.0,0.0,0.0,0.0,0.0
801,0.3552956492475615,0.042886039993961345,0.762721539980239,0.0,0.9999999999214937,0.0,0.0,0.0
802,0.3829444658182115,0.0,0.5370490140506518,0.0,0.0,0.0,0.0,0.0
803,0.3730926790838701,0.0,0.9085565803657338,0.0,0.0,0.0,0.0,0.0
804,0.4183192139956333,0.042886039993961345,0.10978658207831848,0.0,0.0,0.0,0.0,0.0
805,0.6495112993144656,0.0,0.0,0.0,0.0,0.0,0.0,0.0
806,0.10978658207831848,0.042886039993961345,0.0,0.0,0.0,0.0,0.0,0.0
807,0.5401418560068607,0.0,0.0,0.0,0.999999999996473,0.0,0.0,0.0
808,0.4333685686541272,0.0,0.915560012277508,0.0,0.0,0.0,0.0,0.0
809,0.1720108967559073,0.0,0.37290685943771074,0.0,1.0,0.0,0.0,0.0
810,0.18450474698626174,0.0,0.5370490140506518,0.0,0.0,0.0,0.0,0.0
811,0.5830862522832175,0.0,0.6258555132117786,0.0,0.0,0.0,0.0,0.0
812,0.5118657048388304,0.042886039993961345,0.37290685943771074,0.0,0.0,0.0,0.0,0.0
813,0.10978658207831848,0.0,0.9928796867494029,0.0,0.0,0.0,0.0,0.0
814,0.1608210088660118,0.042886039993961345,0.9979127736773565,0.0,0.0,0.0,0.0,0.0
815,0.5456968873666772,0.0,0.9568963412696371,0.0,0.0,0.0,0.0,0.0
816,0.45766914688066185,0.0,0.5208102587468622,0.0,0.0,0.0,0.0,0.0
817,0.12321935924046745,0.0,0.0,0.0,0.0,0.0,0.0,0.0
818,0.33496749231205913,0.0,0.9728904485935865,0.0,0.0,0.0,0.0,0.0
819,0.39225545722821076,0.0,0.8858438953261017,0.0,0.0,0.0,0.0,0.0
820,0.06989819904406691,0.0,0.6802520307921136,0.0,0.0,0.0,0.0,0.0
821,0.4014259514605092,0.0,0.37290685943771074,0.0,0.0,0.0,0.0,0.0
822,0.2529516020545439,0.06989819904406691,0.7450439726531074,0.0,0.0,0.0,0.0,0.0
823,0.39225545722821087,0.06989819904406691,0.980520521265024,0.0,0.0,0.0,0.0,0.0
824,0.18450474698626174,0.0,0.2651357795296222,0.0,0.0,0.0,0.0,0.0
825,0.49557709679973605,0.06989819904406691,0.0,0.0,0.0,0.0,0.0,0.0
826,0.4589776533558758,0.06989819904406691,0.37290685943771074,0.0,0.9999999997791635,0.0,0.0,0.0
827,0.6604300885007279,0.0,0.11193444074240344,0.11193444074240344,0.0,0.9999999950844753,0.0,0.0
828,0.10978658207831848,0.0,0.6964830117674788,0.11193444074240344,0.0,0.0,0.0,0.0
829,0.5823433327234318,0.0,0.7666393364690585,0.0,0.0,0.0,0.0,0.0
830,0.6926982924339611,0.0,0.9870890730251196,0.0,0.9999999996296145,0.0,0.0,0.0
831,0.504387210324601,0.042886039993961345,0.11193444074240344,0.0,0.0,0.0,0.0,0.0
832,0.24150639650090766,0.042886039993961345,0.6507719425338798,0.0,0.0,0.0,0.0,0.0
833,0.6355716504923196,0.06989819904406691,0.0,0.0,0.0,0.0,0.0,0.0
834,0.11193444074240344,0.0,0.44310017941994795,0.0,0.9999999989581139,0.0,0.0,0.0
835,0.41691237178344853,0.0,0.11193444074240344,0.0,0.0,0.0,0.0,0.0
836,0.7545239623673973,0.0,0.658226822255944,0.0,0.0,0.0,0.0,0.0
837,0.5043872103246011,0.042886039993961345,0.6303873519429285,0.0,0.0,0.0,0.0,0.0
838,0.0,0.042886039993961345,0.37290685943771074,0.0,1.0,0.0,0.0,0.0
839,0.31565351630137484,0.042886039993961345,0.9524914574109382,0.0,0.0,0.0,0.0,0.0
840,0.38255232794295635,0.0,0.709686612294615,0.0,0.0,0.0,0.0,0.0
841,0.08393286756155904,0.0,0.5796309008626686,0.0,0.9999999999900786,0.0,0.0,0.0
842,0.08393286756155904,0.0,0.6582268222559439,0.0,0.0,0.9999999999531919,0.0,0.0
843,0.5601293484262291,0.0,0.8279996246200015,0.0,0.0,0.0,0.0,0.0
844,0.6192307548746214,0.06989819904406691,0.0,0.042886039993961345,0.0,0.0,0.0,0.0
845,0.6618623491680978,0.0,0.8126804045213125,0.26175083730905,0.0,0.0,0.0,0.0
846,0.409407534135627,0.042886039993961345,0.44310017941994795,0.0,0.9999999998683298,0.0,0.0,0.0
847,0.5636291134297808,0.042886039993961345,0.9903340633006502,0.0,0.0,0.0,0.0,0.0
848,0.6131633682096236,0.0,0.0,0.0,0.0,0.0,0.0,0.0
849,0.7009002748901905,0.0,0.8654283538599413,0.0,0.0,0.0,0.0,0.0
850,0.0,0.0,0.7555932992110981,0.0,0.0,0.0,0.0,0.0
851,0.36348810303404855,0.0,0.8643409786145355,0.6258555132117786,0.0,0.0,0.0,0.0
852,0.18450474698626174,0.0,0.5553801079719014,0.0,0.0,0.0,0.0,0.0
853,0.5587988445373636,0.0,0.5370490140506518,0.0,0.0,0.0,0.0,0.0
854,0.46585258845933186,0.042886039993961345,0.7049270453466068,0.0,0.9999999999720914,0.0,0.0,0.0
855,0.699592443100502,0.0,0.0,0.0,0.9999999999997342,0.0,1.0,0.0
856,0.5327998517435364,0.0,0.5148231593783965,0.0,0.0,0.0,0.0,0.0
857,0.44227312572715105,0.0,0.8398604687020773,0.0,0.0,0.0,0.0,0.0
858,0.6512005392642393,0.0,0.37290685943771074,0.0,0.0,0.0,0.0,0.0
859,0.5830862522832174,0.06989819904406691,0.4993388861968804,0.0,0.0,0.0,0.0,0.0
860,0.5183746476219255,0.042886039993961345,0.8060072112235238,0.0,0.9999999999940845,0.0,0.0,0.0
861,0.3907855777039626,0.06989819904406691,0.7462066299654034,0.0,0.0,0.0,0.0,0.0
862,0.37460524707453413,0.0,0.5343341963831151,0.0,0.0,0.0,0.0,0.0
863,0.21947810902189457,0.0,0.5917416534302287,0.0,0.0,0.0,0.0,0.0
864,0.5118657048388304,0.11193444074240344,0.0,0.0,0.0,0.0,0.0,0.0
865,0.28498954952625755,0.042886039993961345,0.06989819904406691,0.0,0.0,0.0,0.0,0.0
866,0.3814520669052057,0.0,0.8512942303618078,0.0,0.0,0.0,0.0,0.0
867,0.306845390375732,0.042886039993961345,0.4993388861968804,0.0,0.0,0.0,0.0,0.0
868,0.5886455169287764,0.042886039993961345,0.0,0.0,0.0,0.0,0.0,0.0
869,0.5777202149359162,0.0,0.6258555132117786,0.0,0.0,0.0,0.0,0.0
870,0.6185522430205084,0.06989819904406691,0.9272295959981148,0.0,0.0,0.0,0.0,0.0
871,0.042886039993961345,0.042886039993961345,0.4993388861968804,0.0,0.0,0.0,0.0,0.0
872,0.44191869112712756,0.042886039993961345,0.06989819904406691,0.0,0.0,0.0,0.0,0.0
873,0.12321935924046745,0.0,0.9383470270208367,0.0,0.9999999999214937,0.9999999999531919,0.0,0.0
874,0.38145206690520583,0.042886039993961345,0.9122486161421939,0.0,0.0,0.0,0.0,0.0
875,0.623171678277247,0.0,0.17450781388353653,0.0,0.9999999999999436,0.0,0.0,0.0
876,0.6038473713697039,0.0,0.37290685943771074,0.0,0.0,0.0,0.0,0.0
877,0.33817272967830625,0.042886039993961345,0.26175083730905,0.0,0.0,0.0,1.0,0.0
878,0.08393286756155904,0.0,0.8126372570754447,0.37290685943771074,0.0,0.0,0.0,0.0
879,0.306845390375732,0.042886039993961345,0.0,0.0,0.0,0.0,0.0,0.0
880,0.08393286756155904,0.06989819904406691,0.9193417658268587,0.0,0.9999999999995544,0.0,0.0,0.0
881,0.22988584390078137,0.042886039993961345,0.0,0.0,0.0,0.0,0.0,0.0
882,0.6180790186549234,0.0,0.37290685943771074,0.0,0.0,0.0,0.0,0.0
883,0.06989819904406691,0.042886039993961345,0.26175083730905,0.0,0.0,0.0,0.0,0.0
884,0.326407953815269,0.042886039993961345,0.5867081626631593,0.0,1.0,0.0,0.0,0.0
885,0.5172097976002527,0.0,0.887538734114995,0.0,0.0,0.0,0.0,0.0
886,0.5183746476219256,0.0,0.8336479186813126,0.0,0.0,0.0,0.0,0.0
887,0.5896380107203634,0.0,0.9513767393546416,0.0,0.0,0.0,0.0,0.0
888,0.36348810303404855,0.042886039993961345,0.9169755646252307,0.0,0.0,0.0,0.0,0.0
889,0.6062868817414642,0.0,0.37290685943771074,0.0,0.0,0.0,0.0,0.0
890,0.6281964307059477,0.0,0.17450781388353653,0.0,0.0,0.0,0.0,0.0
891,0.35529564924756163,0.0,0.9646915316084225,0.0,1.0,0.0,0.0,0.0
892,0.3719755614224063,0.042886039993961345,0.0,0.0,0.0,0.0,0.0,0.0
893,0.533096568180811,0.042886039993961345,0.8063201825732471,0.0,0.0,0.0,0.0,0.0
894,0.2529516020545439,0.0,0.7211819155516337,0.0,0.0,0.0,0.0,0.0
895,0.08393286756155904,0.0,0.8409793280034061,0.0,0.0,0.0,0.0,0.0
896,0.5840921591670974,0.0,0.6588308176927216,0.6258555132117786,0.0,0.0,0.0,0.0
897,0.0,0.06989819904406691,0.0,0.0,0.0,0.0,1.0,0.0
898,0.4589776533558758,0.06989819904406691,0.8553151429211838,0.0,0.0,0.0,0.0,0.0
899,0.36348810303404866,0.0,0.9870375660677848,0.0,0.0,0.0,0.0,0.0
900,0.0,0.0,0.26175083730905,0.0,0.9999999997791635,0.0,0.0,0.0
901,0.4980082488397307,0.0,0.0,0.0,0.0,0.0,0.0,0.0
902,0.3450024269710009,0.0,0.9275357641076312,0.0,0.9999999997791635,0.0,0.0,0.0
903,0.5109958738062405,0.0,0.17450781388353653,0.0,0.0,0.0,0.0,0.0
904,0.4079791383020913,0.0,0.5976454756409311,0.0,0.0,0.0,0.0,0.0
905,0.12321935924046745,0.11193444074240344,0.0,0.0,0.0,0.0,0.0,0.0
906,0.1968100726418761,0.0,0.9173562395123038,0.0,0.0,0.0,0.0,0.0
907,0.32477881675734055,0.0,0.7372258600749859,0.0,0.0,0.0,0.0,0.0
908,0.4589776533558758,0.0,0.6258555132117786,0.0,0.0,0.0,0.0,0.0
909,0.4432651994479355,0.0,0.44310017941994795,0.0,0.0,0.0,0.0,0.0
910,0.3650238444250098,0.0,0.9266512779098404,0.0,0.9999999999999996,0.0,0.0,0.0
911,0.2962258682545168,0.042886039993961345,0.7484952023491889,0.0,0.0,0.0,0.0,0.0
912,0.6564637102477544,0.0,0.3443863444634091,0.0,0.0,0.0,0.0,0.0
913,0.4079791383020913,0.0,0.11193444074240344,0.7372258600749859,0.0,0.0,0.0,0.0
914,0.5448873418184788,0.0,0.6258555132117786,0.0,0.0,0.0,0.0,0.0
915,0.30516893966968683,0.042886039993961345,0.6911466496777687,0.0,0.0,0.0,0.0,0.0
916,0.31565351630137484,0.042886039993961345,0.6911466496777687,0.0,0.0,0.0,0.0,0.0
917,0.3173046703894358,0.042886039993961345,0.8461776680113865,0.0,0.0,0.0,0.0,0.0
918,0.08393286756155904,0.06989819904406691,0.777099770494533,0.0,0.0,0.0,0.0,0.0
919,0.12321935924046745,0.06989819904406691,0.0,0.0,0.0,0.0,0.0,0.0
920,0.655632839836578,0.042886039993961345,0.26175083730905,0.0,0.0,0.0,0.0,0.0
921,0.6789288210109276,0.0,0.3443863444634091,0.0,0.0,0.0,0.0,0.0
922,0.042886039993961345,0.0,0.6327478035723211,0.0,0.0,0.0,0.0,0.0
923,0.5106851124105245,0.0,0.31335312422693773,0.0,0.0,0.0,0.0,0.0
924,0.45033979747031383,0.0,0.7666393364690585,0.26175083730905,0.0,0.0,0.0,0.0
925,0.08393286756155904,0.0,0.0,0.0,0.9999999999995544,0.0,0.0,0.0
926,0.27403518351573375,0.042886039993961345,0.37290685943771074,0.0,0.0,0.9999999999940845,0.0,0.0
927,0.10978658207831848,0.042886039993961345,0.9905198187976785,0.0,0.0,0.0,0.0,0.0
928,0.30516893966968683,0.0,0.11193444074240344,0.17450781388353653,0.0,0.0,0.0,0.0
929,0.24150639650090777,0.0,0.11193444074240344,0.37290685943771074,0.0,0.0,0.0,0.0
930,0.38145206690520583,0.0,0.37290685943771074,0.0,0.0,0.0,0.0,0.0
931,0.3907855777039625,0.0,0.8617114654822515,0.0,0.0,0.0,0.0,0.0
932,0.6745896932573283,0.042886039993961345,0.7372258600749859,0.0,0.0,0.0,0.0,0.0
933,0.3907855777039625,0.0,0.37290685943771074,0.0,0.9999999999531919,0.0,0.0,0.0
934,0.15002005583398437,0.0,0.4167395405959027,0.0,0.9999999999900786,0.0,0.0,0.0
935,0.3450024269710009,0.0,0.5569031485493193,0.26175083730905,0.0,0.0,0.0,0.0
936,0.0,0.0,0.9072495297965184,0.0,0.9999999999992524,0.0,0.0,0.0
937,0.0,0.0,0.0,0.06989819904406691,0.0,0.0,0.0,0.0
938,0.5330965681808109,0.0,0.4823395124985971,0.0,0.0,0.0,0.0,0.0
939,0.5387367057746343,0.042886039993961345,0.0,0.0,0.0,0.0,0.0,0.0
940,0.465852588459332,0.0,0.5208102587468622,0.0,0.0,0.0,0.0,0.0
941,0.5390296517461173,0.042886039993961345,0.9635585342138789,0.0,0.9999999999900786,0.0,0.0,0.0
942,0.4834293274676338,0.0,0.21133956246049224,0.0,0.0,0.0,0.0,0.0
943,0.37349082473398953,0.0,0.7421826789874497,0.0,0.9999999999940845,0.0,0.0,0.0
944,0.7026215473705048,0.0,0.8604066272916286,0.0,0.0,0.0,0.0,0.0
945,0.6190004968895393,0.042886039993961345,0.7653765587559083,0.0,0.0,0.0,0.0,0.0
946,0.5585184618585297,0.0,0.9840321909999014,0.6258555132117786,0.0,0.0,0.0,0.0
947,0.45102086139016795,0.0,0.0,0.0,0.0,0.0,0.0,0.0
948,0.5180685754260073,0.042886039993961345,0.9044752215608545,0.0,0.0,0.0,0.0,0.0
949,0.3833173848452036,0.042886039993961345,0.6067541930597249,0.0,0.0,0.0,0.0,0.0
950,0.08393286756155904,0.0,0.9482642695694804,0.0,0.0,0.0,0.0,0.0
951,0.18450474698626185,0.11193444074240344,0.0,0.0,0.9999999999531919,0.0,0.0,0.0
952,0.41691237178344864,0.042886039993961345,0.9833549689337232,0.7372258600749859,0.0,0.0,0.0,0.0
953,0.3730926790838701,0.0,0.39021255825411405,0.0,0.9999999997791635,0.0,0.0,0.0
954,0.33496749231205925,0.042886039993961345,0.9830496669405002,0.0,0.0,0.0,0.0,0.0
955,0.26422410644160377,0.042886039993961345,0.06989819904406691,0.0,0.9999999989581139,0.0,0.0,0.0
956,0.41728268776966737,0.0,0.9719774632965591,0.0,0.0,0.0,0.0,0.0
957,0.042886039993961345,0.17450781388353653,0.0,0.0,0.0,0.0,0.0,0.0
958,0.0,0.0,0.9572925587865784,0.17450781388353653,0.0,0.0,0.0,0.0
959,0.0,0.0,0.9383470270208367,0.0,0.0,0.0,0.0,0.0
960,0.26422410644160377,0.0,0.0,0.0,1.0,0.0,0.0,0.0
961,0.4350773251105071,0.0,0.0,0.26175083730905,0.0,0.0,0.0,0.0
962,0.4964743544530976,0.0,0.0,0.0,0.0,0.0,0.0,0.0
963,0.18450474698626185,0.0,0.9344233143472256,0.0,0.0,0.0,0.0,0.0
964,0.44191869112712756,0.06989819904406691,0.9297571726323297,0.0,0.9999999999900786,0.0,0.0,0.0
965,0.2213613099176519,0.0,0.0,0.0,0.9999999950844753,0.0,0.0,0.0
966,0.4079791383020913,0.06989819904406691,0.9949342913039743,0.0,0.0,0.0,0.0,0.0
967,0.2529516020545439,0.042886039993961345,0.0,0.0,0.0,0.0,0.0,0.0
968,0.33496749231205925,0.042886039993961345,0.0,0.0,0.0,0.0,0.0,0.0
969,0.6393323527535063,0.0,0.0,0.0,0.0,0.0,0.0,0.0
970,0.38145206690520583,0.0,0.6303873519429285,0.0,0.0,0.0,0.0,0.0
971,0.6651390772567543,0.0,0.6753786591477395,0.0,0.0,0.0,0.0,0.0
972,0.5654563006997841,0.0,0.9645216090991402,0.0,0.0,0.0,0.0,0.0
973,0.35529564924756163,0.042886039993961345,0.9513734667068036,0.0,0.9999999998683298,0.0,0.0,0.0
974,0.06989819904406691,0.0,0.49692944742389344,0.0,0.0,0.0,0.0,0.0
975,0.5777202149359163,0.0,0.6462385747497781,0.0,0.0,0.0,0.0,0.0
976,0.6180790186549234,0.042886039993961345,0.8247289804649908,0.0,0.0,0.0,0.0,0.0
977,0.41691237178344864,0.042886039993961345,0.9894529734288724,0.0,0.0,0.0,0.0,0.0
978,0.4333685686541272,0.0,0.26175083730905,0.0,0.0,0.0,0.0,0.0
979,0.6131633682096236,0.0,0.8600159030059784,0.0,0.9999999998683298,0.0,0.0,0.0
980,0.6845365630831247,0.0,0.8211051748224538,0.0,0.9999999999995544,0.0,0.0,0.0
981,0.042886039993961345,0.0,0.9220710182186894,0.0,0.0,0.0,0.0,0.0
982,0.28371543647045816,0.0,0.37290685943771074,0.0,0.999999999378792,0.0,0.0,0.0
983,0.5459854129622412,0.0,0.0,0.0,0.0,0.0,0.0,0.0
984,0.38255232794295635,0.042886039993961345,0.3165014650824237,0.0,0.9999999997791635,0.0,0.0,0.0
985,0.12321935924046745,0.0,0.8600159030059784,0.0,0.0,0.0,0.0,0.0
986,0.759918684835332,0.042886039993961345,0.0,0.0,0.0,0.0,0.0,0.0
987,0.4079791383020912,0.0,0.7372258600749859,0.0,0.0,0.0,0.0,0.0
988,0.10978658207831848,0.0,0.8528692493807108,0.0,0.0,0.0,0.0,0.0
989,0.1349106398585298,0.0,0.17400862396757155,0.0,0.0,0.0,0.0,0.0
990,0.5587988445373635,0.0,0.7836846195088063,0.0,0.0,0.0,0.0,0.0
991,0.4079791383020913,0.0,0.5847191897831325,0.0,0.9999999611042023,0.0,0.0,0.0
992,0.41587333863464127,0.0,0.8031171162988753,0.0,0.0,0.0,0.0,0.0
993,0.501518526839914,0.042886039993961345,0.9839157111248384,0.0,0.0,0.0,0.0,0.0
994,0.635340056817614,0.0,0.26175083730905,0.0,0.0,0.0,0.0,0.0
995,0.6696042226235852,0.0,0.9294763115845616,0.0,0.0,0.0,0.0,0.0
996,0.29452373337193893,0.0,0.9507772544069863,0.0,0.0,0.0,0.0,0.0
997,0.12321935924046745,0.0,0.7096866122946149,0.0,0.0,0.0,0.0,0.0
998,0.042886039993961345,0.042886039993961345,0.8715103614821957,0.0,0.0,0.0,0.0,0.0
999,0.5183746476219255,0.042886039993961345,0.0,0.0,0.0,0.0,0.0,0.0
